name	sub_window_name	wt_codon	wt_aa	position	iupac_codon	iupac_aa	iupac_sub	codon_subs	add_synonymous_codon	contains_missense_stop	remove_missense_stop_codon	primer_len	primer	homology_arm	sub_window	forward_primer	forward_primer_tm	forward_primer_gc	forward_primer_len	reverse_primer_name	reverse_primer	reverse_primer_tm	reverse_primer_gc	reverse_primer_len
pkr_1-1-1_ACA255BCA	pkr_1-1-1	ACA	T	255	BCA	PAS	ACA255BCA	ACA255CCA ACA255GCA ACA255TCA	0.0	0.0	0.0	54	ACCTTCCTGACATGAAAGAABCAaartayacwgtwGACAAGAGGTTTGGCATGG	ACCTTCCTGACATGAAAGAA	BCAaartayacwgtw	GACAAGAGGTTTGGCATGG	50.8	52.6	19	rev_pkr_1-1-1	TTCTTTCATGTCAGGAAGGTCAAATCTG	55.8	39.3	28
pkr_1-1-1_ACA255ADA	pkr_1-1-1	ACA	T	255	ADA	KRI	ACA255ADA	ACA255AAA ACA255AGA ACA255ATA	0.0	0.0	0.0	54	ACCTTCCTGACATGAAAGAAADAaartayacwgtwGACAAGAGGTTTGGCATGG	ACCTTCCTGACATGAAAGAA	ADAaartayacwgtw	GACAAGAGGTTTGGCATGG	50.8	52.6	19	rev_pkr_1-1-1	TTCTTTCATGTCAGGAAGGTCAAATCTG	55.8	39.3	28
pkr_1-1-1_AAG256SAG	pkr_1-1-1	AAG	K	256	SAG	QE	AAG256SAG	AAG256CAG AAG256GAG	0.0	1.0	1.0	54	ACCTTCCTGACATGAAAGAAacwSAGtayacwgtwGACAAGAGGTTTGGCATGG	ACCTTCCTGACATGAAAGAA	acwSAGtayacwgtw	GACAAGAGGTTTGGCATGG	50.8	52.6	19	rev_pkr_1-1-1	TTCTTTCATGTCAGGAAGGTCAAATCTG	55.8	39.3	28
pkr_1-1-1_AAG256ABG	pkr_1-1-1	AAG	K	256	ABG	TRM	AAG256ABG	AAG256ACG AAG256AGG AAG256ATG	0.0	1.0	1.0	54	ACCTTCCTGACATGAAAGAAacwABGtayacwgtwGACAAGAGGTTTGGCATGG	ACCTTCCTGACATGAAAGAA	acwABGtayacwgtw	GACAAGAGGTTTGGCATGG	50.8	52.6	19	rev_pkr_1-1-1	TTCTTTCATGTCAGGAAGGTCAAATCTG	55.8	39.3	28
pkr_1-1-1_AAG256AAT	pkr_1-1-1	AAG	K	256	AAT	N	AAG256AAT	AAG256AAT	0.0	1.0	1.0	54	ACCTTCCTGACATGAAAGAAacwAATtayacwgtwGACAAGAGGTTTGGCATGG	ACCTTCCTGACATGAAAGAA	acwAATtayacwgtw	GACAAGAGGTTTGGCATGG	50.8	52.6	19	rev_pkr_1-1-1	TTCTTTCATGTCAGGAAGGTCAAATCTG	55.8	39.3	28
pkr_1-1-1_TAT257VAT	pkr_1-1-1	TAT	Y	257	VAT	NHD	TAT257VAT	TAT257AAT TAT257CAT TAT257GAT	0.0	1.0	1.0	54	ACCTTCCTGACATGAAAGAAacwaarVATacwgtwGACAAGAGGTTTGGCATGG	ACCTTCCTGACATGAAAGAA	acwaarVATacwgtw	GACAAGAGGTTTGGCATGG	50.8	52.6	19	rev_pkr_1-1-1	TTCTTTCATGTCAGGAAGGTCAAATCTG	55.8	39.3	28
pkr_1-1-1_TAT257TBT	pkr_1-1-1	TAT	Y	257	TBT	SCF	TAT257TBT	TAT257TCT TAT257TGT TAT257TTT	0.0	1.0	1.0	54	ACCTTCCTGACATGAAAGAAacwaarTBTacwgtwGACAAGAGGTTTGGCATGG	ACCTTCCTGACATGAAAGAA	acwaarTBTacwgtw	GACAAGAGGTTTGGCATGG	50.8	52.6	19	rev_pkr_1-1-1	TTCTTTCATGTCAGGAAGGTCAAATCTG	55.8	39.3	28
pkr_1-1-1_ACT258BCT	pkr_1-1-1	ACT	T	258	BCT	PAS	ACT258BCT	ACT258CCT ACT258GCT ACT258TCT	0.0	0.0	0.0	54	ACCTTCCTGACATGAAAGAAacwaartayBCTgtwGACAAGAGGTTTGGCATGG	ACCTTCCTGACATGAAAGAA	acwaartayBCTgtw	GACAAGAGGTTTGGCATGG	50.8	52.6	19	rev_pkr_1-1-1	TTCTTTCATGTCAGGAAGGTCAAATCTG	55.8	39.3	28
pkr_1-1-1_ACT258AWT	pkr_1-1-1	ACT	T	258	AWT	NI	ACT258AWT	ACT258AAT ACT258ATT	0.0	0.0	0.0	54	ACCTTCCTGACATGAAAGAAacwaartayAWTgtwGACAAGAGGTTTGGCATGG	ACCTTCCTGACATGAAAGAA	acwaartayAWTgtw	GACAAGAGGTTTGGCATGG	50.8	52.6	19	rev_pkr_1-1-1	TTCTTTCATGTCAGGAAGGTCAAATCTG	55.8	39.3	28
pkr_1-1-1_GTG259WTG	pkr_1-1-1	GTG	V	259	WTG	ML	GTG259WTG	GTG259ATG GTG259TTG	0.0	0.0	0.0	54	ACCTTCCTGACATGAAAGAAacwaartayacwWTGGACAAGAGGTTTGGCATGG	ACCTTCCTGACATGAAAGAA	acwaartayacwWTG	GACAAGAGGTTTGGCATGG	50.8	52.6	19	rev_pkr_1-1-1	TTCTTTCATGTCAGGAAGGTCAAATCTG	55.8	39.3	28
pkr_1-1-1_GTG259GVG	pkr_1-1-1	GTG	V	259	GVG	EAG	GTG259GVG	GTG259GAG GTG259GCG GTG259GGG	0.0	0.0	0.0	54	ACCTTCCTGACATGAAAGAAacwaartayacwGVGGACAAGAGGTTTGGCATGG	ACCTTCCTGACATGAAAGAA	acwaartayacwGVG	GACAAGAGGTTTGGCATGG	50.8	52.6	19	rev_pkr_1-1-1	TTCTTTCATGTCAGGAAGGTCAAATCTG	55.8	39.3	28
pkr_1-2-1_GAC260HAC	pkr_1-2-1	GAC	D	260	HAC	NHY	GAC260HAC	GAC260AAC GAC260CAC GAC260TAC	1.0	0.0	0.0	65	AAGAAACAAAGTATACTGTGHACaaragrttyggwATGGATTTTAAAGAAATAGAATTAATTGGC	AAGAAACAAAGTATACTGTG	HACaaragrttyggw	ATGGATTTTAAAGAAATAGAATTAATTGGC	50.7	23.3	30	rev_pkr_1-2-1	CACAGTATACTTTGTTTCTTTCATGTCAGG	55.2	36.7	30
pkr_1-2-1_GAC260GBC	pkr_1-2-1	GAC	D	260	GBC	AGV	GAC260GBC	GAC260GCC GAC260GGC GAC260GTC	1.0	0.0	0.0	65	AAGAAACAAAGTATACTGTGGBCaaragrttyggwATGGATTTTAAAGAAATAGAATTAATTGGC	AAGAAACAAAGTATACTGTG	GBCaaragrttyggw	ATGGATTTTAAAGAAATAGAATTAATTGGC	50.7	23.3	30	rev_pkr_1-2-1	CACAGTATACTTTGTTTCTTTCATGTCAGG	55.2	36.7	30
pkr_1-2-1_GAC260GAW	pkr_1-2-1	GAC	D	260	GAW	ED	GAC260GAW	GAC260GAA GAC260GAT	1.0	0.0	0.0	65	AAGAAACAAAGTATACTGTGGAWaaragrttyggwATGGATTTTAAAGAAATAGAATTAATTGGC	AAGAAACAAAGTATACTGTG	GAWaaragrttyggw	ATGGATTTTAAAGAAATAGAATTAATTGGC	50.7	23.3	30	rev_pkr_1-2-1	CACAGTATACTTTGTTTCTTTCATGTCAGG	55.2	36.7	30
pkr_1-2-1_AAG261SAG	pkr_1-2-1	AAG	K	261	SAG	QE	AAG261SAG	AAG261CAG AAG261GAG	0.0	1.0	1.0	65	AAGAAACAAAGTATACTGTGgaySAGagrttyggwATGGATTTTAAAGAAATAGAATTAATTGGC	AAGAAACAAAGTATACTGTG	gaySAGagrttyggw	ATGGATTTTAAAGAAATAGAATTAATTGGC	50.7	23.3	30	rev_pkr_1-2-1	CACAGTATACTTTGTTTCTTTCATGTCAGG	55.2	36.7	30
pkr_1-2-1_AAG261ABG	pkr_1-2-1	AAG	K	261	ABG	TRM	AAG261ABG	AAG261ACG AAG261AGG AAG261ATG	0.0	1.0	1.0	65	AAGAAACAAAGTATACTGTGgayABGagrttyggwATGGATTTTAAAGAAATAGAATTAATTGGC	AAGAAACAAAGTATACTGTG	gayABGagrttyggw	ATGGATTTTAAAGAAATAGAATTAATTGGC	50.7	23.3	30	rev_pkr_1-2-1	CACAGTATACTTTGTTTCTTTCATGTCAGG	55.2	36.7	30
pkr_1-2-1_AAG261AAT	pkr_1-2-1	AAG	K	261	AAT	N	AAG261AAT	AAG261AAT	0.0	1.0	1.0	65	AAGAAACAAAGTATACTGTGgayAATagrttyggwATGGATTTTAAAGAAATAGAATTAATTGGC	AAGAAACAAAGTATACTGTG	gayAATagrttyggw	ATGGATTTTAAAGAAATAGAATTAATTGGC	50.7	23.3	30	rev_pkr_1-2-1	CACAGTATACTTTGTTTCTTTCATGTCAGG	55.2	36.7	30
pkr_1-2-1_AGG262KGG	pkr_1-2-1	AGG	R	262	KGG	GW	AGG262KGG	AGG262GGG AGG262TGG	0.0	0.0	0.0	65	AAGAAACAAAGTATACTGTGgayaarKGGttyggwATGGATTTTAAAGAAATAGAATTAATTGGC	AAGAAACAAAGTATACTGTG	gayaarKGGttyggw	ATGGATTTTAAAGAAATAGAATTAATTGGC	50.7	23.3	30	rev_pkr_1-2-1	CACAGTATACTTTGTTTCTTTCATGTCAGG	55.2	36.7	30
pkr_1-2-1_AGG262AHG	pkr_1-2-1	AGG	R	262	AHG	KTM	AGG262AHG	AGG262AAG AGG262ACG AGG262ATG	0.0	0.0	0.0	65	AAGAAACAAAGTATACTGTGgayaarAHGttyggwATGGATTTTAAAGAAATAGAATTAATTGGC	AAGAAACAAAGTATACTGTG	gayaarAHGttyggw	ATGGATTTTAAAGAAATAGAATTAATTGGC	50.7	23.3	30	rev_pkr_1-2-1	CACAGTATACTTTGTTTCTTTCATGTCAGG	55.2	36.7	30
pkr_1-2-1_AGG262AGT	pkr_1-2-1	AGG	R	262	AGT	S	AGG262AGT	AGG262AGT	0.0	0.0	0.0	65	AAGAAACAAAGTATACTGTGgayaarAGTttyggwATGGATTTTAAAGAAATAGAATTAATTGGC	AAGAAACAAAGTATACTGTG	gayaarAGTttyggw	ATGGATTTTAAAGAAATAGAATTAATTGGC	50.7	23.3	30	rev_pkr_1-2-1	CACAGTATACTTTGTTTCTTTCATGTCAGG	55.2	36.7	30
pkr_1-2-1_TTT263RTT	pkr_1-2-1	TTT	F	263	RTT	IV	TTT263RTT	TTT263ATT TTT263GTT	0.0	0.0	0.0	65	AAGAAACAAAGTATACTGTGgayaaragrRTTggwATGGATTTTAAAGAAATAGAATTAATTGGC	AAGAAACAAAGTATACTGTG	gayaaragrRTTggw	ATGGATTTTAAAGAAATAGAATTAATTGGC	50.7	23.3	30	rev_pkr_1-2-1	CACAGTATACTTTGTTTCTTTCATGTCAGG	55.2	36.7	30
pkr_1-2-1_TTT263TVT	pkr_1-2-1	TTT	F	263	TVT	YSC	TTT263TVT	TTT263TAT TTT263TCT TTT263TGT	0.0	0.0	0.0	65	AAGAAACAAAGTATACTGTGgayaaragrTVTggwATGGATTTTAAAGAAATAGAATTAATTGGC	AAGAAACAAAGTATACTGTG	gayaaragrTVTggw	ATGGATTTTAAAGAAATAGAATTAATTGGC	50.7	23.3	30	rev_pkr_1-2-1	CACAGTATACTTTGTTTCTTTCATGTCAGG	55.2	36.7	30
pkr_1-2-1_TTT263TTG	pkr_1-2-1	TTT	F	263	TTG	L	TTT263TTG	TTT263TTG	0.0	0.0	0.0	65	AAGAAACAAAGTATACTGTGgayaaragrTTGggwATGGATTTTAAAGAAATAGAATTAATTGGC	AAGAAACAAAGTATACTGTG	gayaaragrTTGggw	ATGGATTTTAAAGAAATAGAATTAATTGGC	50.7	23.3	30	rev_pkr_1-2-1	CACAGTATACTTTGTTTCTTTCATGTCAGG	55.2	36.7	30
pkr_1-2-1_GGC264HGC	pkr_1-2-1	GGC	G	264	HGC	SRC	GGC264HGC	GGC264AGC GGC264CGC GGC264TGC	1.0	0.0	0.0	65	AAGAAACAAAGTATACTGTGgayaaragrttyHGCATGGATTTTAAAGAAATAGAATTAATTGGC	AAGAAACAAAGTATACTGTG	gayaaragrttyHGC	ATGGATTTTAAAGAAATAGAATTAATTGGC	50.7	23.3	30	rev_pkr_1-2-1	CACAGTATACTTTGTTTCTTTCATGTCAGG	55.2	36.7	30
pkr_1-2-1_GGC264GHC	pkr_1-2-1	GGC	G	264	GHC	DAV	GGC264GHC	GGC264GAC GGC264GCC GGC264GTC	1.0	0.0	0.0	65	AAGAAACAAAGTATACTGTGgayaaragrttyGHCATGGATTTTAAAGAAATAGAATTAATTGGC	AAGAAACAAAGTATACTGTG	gayaaragrttyGHC	ATGGATTTTAAAGAAATAGAATTAATTGGC	50.7	23.3	30	rev_pkr_1-2-1	CACAGTATACTTTGTTTCTTTCATGTCAGG	55.2	36.7	30
pkr_1-2-1_GGC264GGT	pkr_1-2-1	GGC	G	264	GGT	G	GGC264GGT	GGC264GGT	1.0	0.0	0.0	65	AAGAAACAAAGTATACTGTGgayaaragrttyGGTATGGATTTTAAAGAAATAGAATTAATTGGC	AAGAAACAAAGTATACTGTG	gayaaragrttyGGT	ATGGATTTTAAAGAAATAGAATTAATTGGC	50.7	23.3	30	rev_pkr_1-2-1	CACAGTATACTTTGTTTCTTTCATGTCAGG	55.2	36.7	30
pkr_1-3-1_ATG265KTG	pkr_1-3-1	ATG	M	265	KTG	VL	ATG265KTG	ATG265GTG ATG265TTG	0.0	0.0	0.0	58	CTGTGGACAAGAGGTTTGGCKTGgayttyaargarATAGAATTAATTGGCTCAGGTGG	CTGTGGACAAGAGGTTTGGC	KTGgayttyaargar	ATAGAATTAATTGGCTCAGGTGG	50.4	39.1	23	rev_pkr_1-3-1	GCCAAACCTCTTGTCCACAGTATAC	55.7	48.0	25
pkr_1-3-1_ATG265AVG	pkr_1-3-1	ATG	M	265	AVG	KTR	ATG265AVG	ATG265AAG ATG265ACG ATG265AGG	0.0	0.0	0.0	58	CTGTGGACAAGAGGTTTGGCAVGgayttyaargarATAGAATTAATTGGCTCAGGTGG	CTGTGGACAAGAGGTTTGGC	AVGgayttyaargar	ATAGAATTAATTGGCTCAGGTGG	50.4	39.1	23	rev_pkr_1-3-1	GCCAAACCTCTTGTCCACAGTATAC	55.7	48.0	25
pkr_1-3-1_ATG265ATT	pkr_1-3-1	ATG	M	265	ATT	I	ATG265ATT	ATG265ATT	0.0	0.0	0.0	58	CTGTGGACAAGAGGTTTGGCATTgayttyaargarATAGAATTAATTGGCTCAGGTGG	CTGTGGACAAGAGGTTTGGC	ATTgayttyaargar	ATAGAATTAATTGGCTCAGGTGG	50.4	39.1	23	rev_pkr_1-3-1	GCCAAACCTCTTGTCCACAGTATAC	55.7	48.0	25
pkr_1-3-1_GAT266HAT	pkr_1-3-1	GAT	D	266	HAT	NHY	GAT266HAT	GAT266AAT GAT266CAT GAT266TAT	0.0	0.0	0.0	58	CTGTGGACAAGAGGTTTGGCatgHATttyaargarATAGAATTAATTGGCTCAGGTGG	CTGTGGACAAGAGGTTTGGC	atgHATttyaargar	ATAGAATTAATTGGCTCAGGTGG	50.4	39.1	23	rev_pkr_1-3-1	GCCAAACCTCTTGTCCACAGTATAC	55.7	48.0	25
pkr_1-3-1_GAT266GBT	pkr_1-3-1	GAT	D	266	GBT	AGV	GAT266GBT	GAT266GCT GAT266GGT GAT266GTT	0.0	0.0	0.0	58	CTGTGGACAAGAGGTTTGGCatgGBTttyaargarATAGAATTAATTGGCTCAGGTGG	CTGTGGACAAGAGGTTTGGC	atgGBTttyaargar	ATAGAATTAATTGGCTCAGGTGG	50.4	39.1	23	rev_pkr_1-3-1	GCCAAACCTCTTGTCCACAGTATAC	55.7	48.0	25
pkr_1-3-1_GAT266GAA	pkr_1-3-1	GAT	D	266	GAA	E	GAT266GAA	GAT266GAA	0.0	0.0	0.0	58	CTGTGGACAAGAGGTTTGGCatgGAAttyaargarATAGAATTAATTGGCTCAGGTGG	CTGTGGACAAGAGGTTTGGC	atgGAAttyaargar	ATAGAATTAATTGGCTCAGGTGG	50.4	39.1	23	rev_pkr_1-3-1	GCCAAACCTCTTGTCCACAGTATAC	55.7	48.0	25
pkr_1-3-1_TTT267RTT	pkr_1-3-1	TTT	F	267	RTT	IV	TTT267RTT	TTT267ATT TTT267GTT	0.0	0.0	0.0	58	CTGTGGACAAGAGGTTTGGCatggayRTTaargarATAGAATTAATTGGCTCAGGTGG	CTGTGGACAAGAGGTTTGGC	atggayRTTaargar	ATAGAATTAATTGGCTCAGGTGG	50.4	39.1	23	rev_pkr_1-3-1	GCCAAACCTCTTGTCCACAGTATAC	55.7	48.0	25
pkr_1-3-1_TTT267TVT	pkr_1-3-1	TTT	F	267	TVT	YSC	TTT267TVT	TTT267TAT TTT267TCT TTT267TGT	0.0	0.0	0.0	58	CTGTGGACAAGAGGTTTGGCatggayTVTaargarATAGAATTAATTGGCTCAGGTGG	CTGTGGACAAGAGGTTTGGC	atggayTVTaargar	ATAGAATTAATTGGCTCAGGTGG	50.4	39.1	23	rev_pkr_1-3-1	GCCAAACCTCTTGTCCACAGTATAC	55.7	48.0	25
pkr_1-3-1_TTT267TTG	pkr_1-3-1	TTT	F	267	TTG	L	TTT267TTG	TTT267TTG	0.0	0.0	0.0	58	CTGTGGACAAGAGGTTTGGCatggayTTGaargarATAGAATTAATTGGCTCAGGTGG	CTGTGGACAAGAGGTTTGGC	atggayTTGaargar	ATAGAATTAATTGGCTCAGGTGG	50.4	39.1	23	rev_pkr_1-3-1	GCCAAACCTCTTGTCCACAGTATAC	55.7	48.0	25
pkr_1-3-1_AAA268SAA	pkr_1-3-1	AAA	K	268	SAA	QE	AAA268SAA	AAA268CAA AAA268GAA	0.0	1.0	1.0	58	CTGTGGACAAGAGGTTTGGCatggayttySAAgarATAGAATTAATTGGCTCAGGTGG	CTGTGGACAAGAGGTTTGGC	atggayttySAAgar	ATAGAATTAATTGGCTCAGGTGG	50.4	39.1	23	rev_pkr_1-3-1	GCCAAACCTCTTGTCCACAGTATAC	55.7	48.0	25
pkr_1-3-1_AAA268ABA	pkr_1-3-1	AAA	K	268	ABA	TRI	AAA268ABA	AAA268ACA AAA268AGA AAA268ATA	0.0	1.0	1.0	58	CTGTGGACAAGAGGTTTGGCatggayttyABAgarATAGAATTAATTGGCTCAGGTGG	CTGTGGACAAGAGGTTTGGC	atggayttyABAgar	ATAGAATTAATTGGCTCAGGTGG	50.4	39.1	23	rev_pkr_1-3-1	GCCAAACCTCTTGTCCACAGTATAC	55.7	48.0	25
pkr_1-3-1_AAA268AAT	pkr_1-3-1	AAA	K	268	AAT	N	AAA268AAT	AAA268AAT	0.0	1.0	1.0	58	CTGTGGACAAGAGGTTTGGCatggayttyAATgarATAGAATTAATTGGCTCAGGTGG	CTGTGGACAAGAGGTTTGGC	atggayttyAATgar	ATAGAATTAATTGGCTCAGGTGG	50.4	39.1	23	rev_pkr_1-3-1	GCCAAACCTCTTGTCCACAGTATAC	55.7	48.0	25
pkr_1-3-1_GAA269MAA	pkr_1-3-1	GAA	E	269	MAA	KQ	GAA269MAA	GAA269AAA GAA269CAA	0.0	1.0	1.0	58	CTGTGGACAAGAGGTTTGGCatggayttyaarMAAATAGAATTAATTGGCTCAGGTGG	CTGTGGACAAGAGGTTTGGC	atggayttyaarMAA	ATAGAATTAATTGGCTCAGGTGG	50.4	39.1	23	rev_pkr_1-3-1	GCCAAACCTCTTGTCCACAGTATAC	55.7	48.0	25
pkr_1-3-1_GAA269GBA	pkr_1-3-1	GAA	E	269	GBA	AGV	GAA269GBA	GAA269GCA GAA269GGA GAA269GTA	0.0	1.0	1.0	58	CTGTGGACAAGAGGTTTGGCatggayttyaarGBAATAGAATTAATTGGCTCAGGTGG	CTGTGGACAAGAGGTTTGGC	atggayttyaarGBA	ATAGAATTAATTGGCTCAGGTGG	50.4	39.1	23	rev_pkr_1-3-1	GCCAAACCTCTTGTCCACAGTATAC	55.7	48.0	25
pkr_1-3-1_GAA269GAT	pkr_1-3-1	GAA	E	269	GAT	D	GAA269GAT	GAA269GAT	0.0	1.0	1.0	58	CTGTGGACAAGAGGTTTGGCatggayttyaarGATATAGAATTAATTGGCTCAGGTGG	CTGTGGACAAGAGGTTTGGC	atggayttyaarGAT	ATAGAATTAATTGGCTCAGGTGG	50.4	39.1	23	rev_pkr_1-3-1	GCCAAACCTCTTGTCCACAGTATAC	55.7	48.0	25
pkr_1-3-1_ATA270KTA	pkr_1-3-1	ATA	I	270	KTA	VL	ATA270KTA	ATA270GTA ATA270TTA	0.0	0.0	0.0	53	TTGGCATGGATTTTAAAGAAKTAgarttratwggwTCAGGTGGATTTGGCCAA	TTGGCATGGATTTTAAAGAA	KTAgarttratwggw	TCAGGTGGATTTGGCCAA	50.4	50.0	18	rev_pkr_1-3-1	TTCTTTAAAATCCATGCCAAACCTCTTG	55.1	35.7	28
pkr_1-3-1_ATA270AVA	pkr_1-3-1	ATA	I	270	AVA	KTR	ATA270AVA	ATA270AAA ATA270ACA ATA270AGA	0.0	0.0	0.0	53	TTGGCATGGATTTTAAAGAAAVAgarttratwggwTCAGGTGGATTTGGCCAA	TTGGCATGGATTTTAAAGAA	AVAgarttratwggw	TCAGGTGGATTTGGCCAA	50.4	50.0	18	rev_pkr_1-3-1	TTCTTTAAAATCCATGCCAAACCTCTTG	55.1	35.7	28
pkr_1-3-1_ATA270ATG	pkr_1-3-1	ATA	I	270	ATG	M	ATA270ATG	ATA270ATG	0.0	0.0	0.0	53	TTGGCATGGATTTTAAAGAAATGgarttratwggwTCAGGTGGATTTGGCCAA	TTGGCATGGATTTTAAAGAA	ATGgarttratwggw	TCAGGTGGATTTGGCCAA	50.4	50.0	18	rev_pkr_1-3-1	TTCTTTAAAATCCATGCCAAACCTCTTG	55.1	35.7	28
pkr_1-3-1_GAA271MAA	pkr_1-3-1	GAA	E	271	MAA	KQ	GAA271MAA	GAA271AAA GAA271CAA	0.0	1.0	1.0	53	TTGGCATGGATTTTAAAGAAatwMAAttratwggwTCAGGTGGATTTGGCCAA	TTGGCATGGATTTTAAAGAA	atwMAAttratwggw	TCAGGTGGATTTGGCCAA	50.4	50.0	18	rev_pkr_1-3-1	TTCTTTAAAATCCATGCCAAACCTCTTG	55.1	35.7	28
pkr_1-3-1_GAA271GBA	pkr_1-3-1	GAA	E	271	GBA	AGV	GAA271GBA	GAA271GCA GAA271GGA GAA271GTA	0.0	1.0	1.0	53	TTGGCATGGATTTTAAAGAAatwGBAttratwggwTCAGGTGGATTTGGCCAA	TTGGCATGGATTTTAAAGAA	atwGBAttratwggw	TCAGGTGGATTTGGCCAA	50.4	50.0	18	rev_pkr_1-3-1	TTCTTTAAAATCCATGCCAAACCTCTTG	55.1	35.7	28
pkr_1-3-1_GAA271GAT	pkr_1-3-1	GAA	E	271	GAT	D	GAA271GAT	GAA271GAT	0.0	1.0	1.0	53	TTGGCATGGATTTTAAAGAAatwGATttratwggwTCAGGTGGATTTGGCCAA	TTGGCATGGATTTTAAAGAA	atwGATttratwggw	TCAGGTGGATTTGGCCAA	50.4	50.0	18	rev_pkr_1-3-1	TTCTTTAAAATCCATGCCAAACCTCTTG	55.1	35.7	28
pkr_1-3-1_TTA272RTA	pkr_1-3-1	TTA	L	272	RTA	IV	TTA272RTA	TTA272ATA TTA272GTA	0.0	1.0	1.0	53	TTGGCATGGATTTTAAAGAAatwgarRTAatwggwTCAGGTGGATTTGGCCAA	TTGGCATGGATTTTAAAGAA	atwgarRTAatwggw	TCAGGTGGATTTGGCCAA	50.4	50.0	18	rev_pkr_1-3-1	TTCTTTAAAATCCATGCCAAACCTCTTG	55.1	35.7	28
pkr_1-3-1_TTA272TCA	pkr_1-3-1	TTA	L	272	TCA	S	TTA272TCA	TTA272TCA	0.0	1.0	1.0	53	TTGGCATGGATTTTAAAGAAatwgarTCAatwggwTCAGGTGGATTTGGCCAA	TTGGCATGGATTTTAAAGAA	atwgarTCAatwggw	TCAGGTGGATTTGGCCAA	50.4	50.0	18	rev_pkr_1-3-1	TTCTTTAAAATCCATGCCAAACCTCTTG	55.1	35.7	28
pkr_1-3-1_TTA272TTT	pkr_1-3-1	TTA	L	272	TTT	F	TTA272TTT	TTA272TTT	0.0	1.0	1.0	53	TTGGCATGGATTTTAAAGAAatwgarTTTatwggwTCAGGTGGATTTGGCCAA	TTGGCATGGATTTTAAAGAA	atwgarTTTatwggw	TCAGGTGGATTTGGCCAA	50.4	50.0	18	rev_pkr_1-3-1	TTCTTTAAAATCCATGCCAAACCTCTTG	55.1	35.7	28
pkr_1-3-1_ATT273BTT	pkr_1-3-1	ATT	I	273	BTT	LVF	ATT273BTT	ATT273CTT ATT273GTT ATT273TTT	0.0	0.0	0.0	53	TTGGCATGGATTTTAAAGAAatwgarttrBTTggwTCAGGTGGATTTGGCCAA	TTGGCATGGATTTTAAAGAA	atwgarttrBTTggw	TCAGGTGGATTTGGCCAA	50.4	50.0	18	rev_pkr_1-3-1	TTCTTTAAAATCCATGCCAAACCTCTTG	55.1	35.7	28
pkr_1-3-1_ATT273AVT	pkr_1-3-1	ATT	I	273	AVT	NTS	ATT273AVT	ATT273AAT ATT273ACT ATT273AGT	0.0	0.0	0.0	53	TTGGCATGGATTTTAAAGAAatwgarttrAVTggwTCAGGTGGATTTGGCCAA	TTGGCATGGATTTTAAAGAA	atwgarttrAVTggw	TCAGGTGGATTTGGCCAA	50.4	50.0	18	rev_pkr_1-3-1	TTCTTTAAAATCCATGCCAAACCTCTTG	55.1	35.7	28
pkr_1-3-1_ATT273ATG	pkr_1-3-1	ATT	I	273	ATG	M	ATT273ATG	ATT273ATG	0.0	0.0	0.0	53	TTGGCATGGATTTTAAAGAAatwgarttrATGggwTCAGGTGGATTTGGCCAA	TTGGCATGGATTTTAAAGAA	atwgarttrATGggw	TCAGGTGGATTTGGCCAA	50.4	50.0	18	rev_pkr_1-3-1	TTCTTTAAAATCCATGCCAAACCTCTTG	55.1	35.7	28
pkr_1-3-1_GGC274HGC	pkr_1-3-1	GGC	G	274	HGC	SRC	GGC274HGC	GGC274AGC GGC274CGC GGC274TGC	0.0	0.0	0.0	53	TTGGCATGGATTTTAAAGAAatwgarttratwHGCTCAGGTGGATTTGGCCAA	TTGGCATGGATTTTAAAGAA	atwgarttratwHGC	TCAGGTGGATTTGGCCAA	50.4	50.0	18	rev_pkr_1-3-1	TTCTTTAAAATCCATGCCAAACCTCTTG	55.1	35.7	28
pkr_1-3-1_GGC274GHC	pkr_1-3-1	GGC	G	274	GHC	DAV	GGC274GHC	GGC274GAC GGC274GCC GGC274GTC	0.0	0.0	0.0	53	TTGGCATGGATTTTAAAGAAatwgarttratwGHCTCAGGTGGATTTGGCCAA	TTGGCATGGATTTTAAAGAA	atwgarttratwGHC	TCAGGTGGATTTGGCCAA	50.4	50.0	18	rev_pkr_1-3-1	TTCTTTAAAATCCATGCCAAACCTCTTG	55.1	35.7	28
pkr_1-5-1_TCA275VCA	pkr_1-5-1	TCA	S	275	VCA	TPA	TCA275VCA	TCA275ACA TCA275CCA TCA275GCA	0.0	1.0	0.0	52	AAGAAATAGAATTAATTGGCVCAggwggwttyGGCCAAGTTTTCAAAGCAAA	AAGAAATAGAATTAATTGGC	VCAggwggwtty	GGCCAAGTTTTCAAAGCAAA	50.1	40.0	20	rev_pkr_1-5-1	GCCAATTAATTCTATTTCTTTAAAATCCATGCC	55.2	30.3	33
pkr_1-5-1_TCA275TWA	pkr_1-5-1	TCA	S	275	TWA	*L	TCA275TWA	TCA275TAA TCA275TTA	0.0	1.0	0.0	52	AAGAAATAGAATTAATTGGCTWAggwggwttyGGCCAAGTTTTCAAAGCAAA	AAGAAATAGAATTAATTGGC	TWAggwggwtty	GGCCAAGTTTTCAAAGCAAA	50.1	40.0	20	rev_pkr_1-5-1	GCCAATTAATTCTATTTCTTTAAAATCCATGCC	55.2	30.3	33
pkr_1-5-1_GGT276HGT	pkr_1-5-1	GGT	G	276	HGT	SRC	GGT276HGT	GGT276AGT GGT276CGT GGT276TGT	0.0	0.0	0.0	52	AAGAAATAGAATTAATTGGCtcwHGTggwttyGGCCAAGTTTTCAAAGCAAA	AAGAAATAGAATTAATTGGC	tcwHGTggwtty	GGCCAAGTTTTCAAAGCAAA	50.1	40.0	20	rev_pkr_1-5-1	GCCAATTAATTCTATTTCTTTAAAATCCATGCC	55.2	30.3	33
pkr_1-5-1_GGT276GHT	pkr_1-5-1	GGT	G	276	GHT	DAV	GGT276GHT	GGT276GAT GGT276GCT GGT276GTT	0.0	0.0	0.0	52	AAGAAATAGAATTAATTGGCtcwGHTggwttyGGCCAAGTTTTCAAAGCAAA	AAGAAATAGAATTAATTGGC	tcwGHTggwtty	GGCCAAGTTTTCAAAGCAAA	50.1	40.0	20	rev_pkr_1-5-1	GCCAATTAATTCTATTTCTTTAAAATCCATGCC	55.2	30.3	33
pkr_1-5-1_GGA277AGA	pkr_1-5-1	GGA	G	277	AGA	R	GGA277AGA	GGA277AGA	0.0	1.0	1.0	52	AAGAAATAGAATTAATTGGCtcwggwAGAttyGGCCAAGTTTTCAAAGCAAA	AAGAAATAGAATTAATTGGC	tcwggwAGAtty	GGCCAAGTTTTCAAAGCAAA	50.1	40.0	20	rev_pkr_1-5-1	GCCAATTAATTCTATTTCTTTAAAATCCATGCC	55.2	30.3	33
pkr_1-5-1_GGA277GHA	pkr_1-5-1	GGA	G	277	GHA	EAV	GGA277GHA	GGA277GAA GGA277GCA GGA277GTA	0.0	1.0	1.0	52	AAGAAATAGAATTAATTGGCtcwggwGHAttyGGCCAAGTTTTCAAAGCAAA	AAGAAATAGAATTAATTGGC	tcwggwGHAtty	GGCCAAGTTTTCAAAGCAAA	50.1	40.0	20	rev_pkr_1-5-1	GCCAATTAATTCTATTTCTTTAAAATCCATGCC	55.2	30.3	33
pkr_1-5-1_TTT278RTT	pkr_1-5-1	TTT	F	278	RTT	IV	TTT278RTT	TTT278ATT TTT278GTT	0.0	0.0	0.0	52	AAGAAATAGAATTAATTGGCtcwggwggwRTTGGCCAAGTTTTCAAAGCAAA	AAGAAATAGAATTAATTGGC	tcwggwggwRTT	GGCCAAGTTTTCAAAGCAAA	50.1	40.0	20	rev_pkr_1-5-1	GCCAATTAATTCTATTTCTTTAAAATCCATGCC	55.2	30.3	33
pkr_1-5-1_TTT278TVT	pkr_1-5-1	TTT	F	278	TVT	YSC	TTT278TVT	TTT278TAT TTT278TCT TTT278TGT	0.0	0.0	0.0	52	AAGAAATAGAATTAATTGGCtcwggwggwTVTGGCCAAGTTTTCAAAGCAAA	AAGAAATAGAATTAATTGGC	tcwggwggwTVT	GGCCAAGTTTTCAAAGCAAA	50.1	40.0	20	rev_pkr_1-5-1	GCCAATTAATTCTATTTCTTTAAAATCCATGCC	55.2	30.3	33
pkr_1-5-1_TTT278TTG	pkr_1-5-1	TTT	F	278	TTG	L	TTT278TTG	TTT278TTG	0.0	0.0	0.0	52	AAGAAATAGAATTAATTGGCtcwggwggwTTGGGCCAAGTTTTCAAAGCAAA	AAGAAATAGAATTAATTGGC	tcwggwggwTTG	GGCCAAGTTTTCAAAGCAAA	50.1	40.0	20	rev_pkr_1-5-1	GCCAATTAATTCTATTTCTTTAAAATCCATGCC	55.2	30.3	33
pkr_2-1-1_AAA371SAA	pkr_2-1-1	AAA	K	371	SAA	QE	AAA371SAA	AAA371CAA AAA371GAA	1.0	1.0	1.0	59	TCCAAATGGAATTCTGTGATSAAggwacwttrgarCAATGGATTGAAAAAAGAAGAGGC	TCCAAATGGAATTCTGTGAT	SAAggwacwttrgar	CAATGGATTGAAAAAAGAAGAGGC	51.5	37.5	24	rev_pkr_2-1-1	ATCACAGAATTCCATTTGGATGAAAAGGC	56.9	37.9	29
pkr_2-1-1_AAA371ABA	pkr_2-1-1	AAA	K	371	ABA	TRI	AAA371ABA	AAA371ACA AAA371AGA AAA371ATA	1.0	1.0	1.0	59	TCCAAATGGAATTCTGTGATABAggwacwttrgarCAATGGATTGAAAAAAGAAGAGGC	TCCAAATGGAATTCTGTGAT	ABAggwacwttrgar	CAATGGATTGAAAAAAGAAGAGGC	51.5	37.5	24	rev_pkr_2-1-1	ATCACAGAATTCCATTTGGATGAAAAGGC	56.9	37.9	29
pkr_2-1-1_AAA371AAK	pkr_2-1-1	AAA	K	371	AAK	KN	AAA371AAK	AAA371AAG AAA371AAT	1.0	1.0	1.0	59	TCCAAATGGAATTCTGTGATAAKggwacwttrgarCAATGGATTGAAAAAAGAAGAGGC	TCCAAATGGAATTCTGTGAT	AAKggwacwttrgar	CAATGGATTGAAAAAAGAAGAGGC	51.5	37.5	24	rev_pkr_2-1-1	ATCACAGAATTCCATTTGGATGAAAAGGC	56.9	37.9	29
pkr_2-1-1_GGG372WGG	pkr_2-1-1	GGG	G	372	WGG	RW	GGG372WGG	GGG372AGG GGG372TGG	0.0	0.0	0.0	59	TCCAAATGGAATTCTGTGATaarWGGacwttrgarCAATGGATTGAAAAAAGAAGAGGC	TCCAAATGGAATTCTGTGAT	aarWGGacwttrgar	CAATGGATTGAAAAAAGAAGAGGC	51.5	37.5	24	rev_pkr_2-1-1	ATCACAGAATTCCATTTGGATGAAAAGGC	56.9	37.9	29
pkr_2-1-1_GGG372GHG	pkr_2-1-1	GGG	G	372	GHG	EAV	GGG372GHG	GGG372GAG GGG372GCG GGG372GTG	0.0	0.0	0.0	59	TCCAAATGGAATTCTGTGATaarGHGacwttrgarCAATGGATTGAAAAAAGAAGAGGC	TCCAAATGGAATTCTGTGAT	aarGHGacwttrgar	CAATGGATTGAAAAAAGAAGAGGC	51.5	37.5	24	rev_pkr_2-1-1	ATCACAGAATTCCATTTGGATGAAAAGGC	56.9	37.9	29
pkr_2-1-1_ACC373BCC	pkr_2-1-1	ACC	T	373	BCC	PAS	ACC373BCC	ACC373CCC ACC373GCC ACC373TCC	0.0	0.0	0.0	59	TCCAAATGGAATTCTGTGATaarggwBCCttrgarCAATGGATTGAAAAAAGAAGAGGC	TCCAAATGGAATTCTGTGAT	aarggwBCCttrgar	CAATGGATTGAAAAAAGAAGAGGC	51.5	37.5	24	rev_pkr_2-1-1	ATCACAGAATTCCATTTGGATGAAAAGGC	56.9	37.9	29
pkr_2-1-1_ACC373AWC	pkr_2-1-1	ACC	T	373	AWC	NI	ACC373AWC	ACC373AAC ACC373ATC	0.0	0.0	0.0	59	TCCAAATGGAATTCTGTGATaarggwAWCttrgarCAATGGATTGAAAAAAGAAGAGGC	TCCAAATGGAATTCTGTGAT	aarggwAWCttrgar	CAATGGATTGAAAAAAGAAGAGGC	51.5	37.5	24	rev_pkr_2-1-1	ATCACAGAATTCCATTTGGATGAAAAGGC	56.9	37.9	29
pkr_2-1-1_TTG374RTG	pkr_2-1-1	TTG	L	374	RTG	MV	TTG374RTG	TTG374ATG TTG374GTG	0.0	1.0	1.0	59	TCCAAATGGAATTCTGTGATaarggwacwRTGgarCAATGGATTGAAAAAAGAAGAGGC	TCCAAATGGAATTCTGTGAT	aarggwacwRTGgar	CAATGGATTGAAAAAAGAAGAGGC	51.5	37.5	24	rev_pkr_2-1-1	ATCACAGAATTCCATTTGGATGAAAAGGC	56.9	37.9	29
pkr_2-1-1_TTG374TSG	pkr_2-1-1	TTG	L	374	TSG	SW	TTG374TSG	TTG374TCG TTG374TGG	0.0	1.0	1.0	59	TCCAAATGGAATTCTGTGATaarggwacwTSGgarCAATGGATTGAAAAAAGAAGAGGC	TCCAAATGGAATTCTGTGAT	aarggwacwTSGgar	CAATGGATTGAAAAAAGAAGAGGC	51.5	37.5	24	rev_pkr_2-1-1	ATCACAGAATTCCATTTGGATGAAAAGGC	56.9	37.9	29
pkr_2-1-1_TTG374TTT	pkr_2-1-1	TTG	L	374	TTT	F	TTG374TTT	TTG374TTT	0.0	1.0	1.0	59	TCCAAATGGAATTCTGTGATaarggwacwTTTgarCAATGGATTGAAAAAAGAAGAGGC	TCCAAATGGAATTCTGTGAT	aarggwacwTTTgar	CAATGGATTGAAAAAAGAAGAGGC	51.5	37.5	24	rev_pkr_2-1-1	ATCACAGAATTCCATTTGGATGAAAAGGC	56.9	37.9	29
pkr_2-1-1_GAA375MAA	pkr_2-1-1	GAA	E	375	MAA	KQ	GAA375MAA	GAA375AAA GAA375CAA	0.0	1.0	1.0	59	TCCAAATGGAATTCTGTGATaarggwacwttrMAACAATGGATTGAAAAAAGAAGAGGC	TCCAAATGGAATTCTGTGAT	aarggwacwttrMAA	CAATGGATTGAAAAAAGAAGAGGC	51.5	37.5	24	rev_pkr_2-1-1	ATCACAGAATTCCATTTGGATGAAAAGGC	56.9	37.9	29
pkr_2-1-1_GAA375GBA	pkr_2-1-1	GAA	E	375	GBA	AGV	GAA375GBA	GAA375GCA GAA375GGA GAA375GTA	0.0	1.0	1.0	59	TCCAAATGGAATTCTGTGATaarggwacwttrGBACAATGGATTGAAAAAAGAAGAGGC	TCCAAATGGAATTCTGTGAT	aarggwacwttrGBA	CAATGGATTGAAAAAAGAAGAGGC	51.5	37.5	24	rev_pkr_2-1-1	ATCACAGAATTCCATTTGGATGAAAAGGC	56.9	37.9	29
pkr_2-1-1_GAA375GAT	pkr_2-1-1	GAA	E	375	GAT	D	GAA375GAT	GAA375GAT	0.0	1.0	1.0	59	TCCAAATGGAATTCTGTGATaarggwacwttrGATCAATGGATTGAAAAAAGAAGAGGC	TCCAAATGGAATTCTGTGAT	aarggwacwttrGAT	CAATGGATTGAAAAAAGAAGAGGC	51.5	37.5	24	rev_pkr_2-1-1	ATCACAGAATTCCATTTGGATGAAAAGGC	56.9	37.9	29
pkr_2-2-1_CAA376DAA	pkr_2-2-1	CAA	Q	376	DAA	KE*	CAA376DAA	CAA376AAA CAA376GAA CAA376TAA	0.0	1.0	0.0	56	GTGATAAAGGGACCTTGGAADAAtggatwgaraarAGAAGAGGCGAGAAACTAGAC	GTGATAAAGGGACCTTGGAA	DAAtggatwgaraar	AGAAGAGGCGAGAAACTAGAC	51.1	47.6	21	rev_pkr_2-2-1	TTCCAAGGTCCCTTTATCACAGAATTC	55.2	40.7	27
pkr_2-2-1_CAA376CBA	pkr_2-2-1	CAA	Q	376	CBA	PRL	CAA376CBA	CAA376CCA CAA376CGA CAA376CTA	0.0	1.0	0.0	56	GTGATAAAGGGACCTTGGAACBAtggatwgaraarAGAAGAGGCGAGAAACTAGAC	GTGATAAAGGGACCTTGGAA	CBAtggatwgaraar	AGAAGAGGCGAGAAACTAGAC	51.1	47.6	21	rev_pkr_2-2-1	TTCCAAGGTCCCTTTATCACAGAATTC	55.2	40.7	27
pkr_2-2-1_CAA376CAT	pkr_2-2-1	CAA	Q	376	CAT	H	CAA376CAT	CAA376CAT	0.0	1.0	0.0	56	GTGATAAAGGGACCTTGGAACATtggatwgaraarAGAAGAGGCGAGAAACTAGAC	GTGATAAAGGGACCTTGGAA	CATtggatwgaraar	AGAAGAGGCGAGAAACTAGAC	51.1	47.6	21	rev_pkr_2-2-1	TTCCAAGGTCCCTTTATCACAGAATTC	55.2	40.7	27
pkr_2-2-1_TGG377RGG	pkr_2-2-1	TGG	W	377	RGG	RG	TGG377RGG	TGG377AGG TGG377GGG	0.0	1.0	1.0	56	GTGATAAAGGGACCTTGGAAcarRGGatwgaraarAGAAGAGGCGAGAAACTAGAC	GTGATAAAGGGACCTTGGAA	carRGGatwgaraar	AGAAGAGGCGAGAAACTAGAC	51.1	47.6	21	rev_pkr_2-2-1	TTCCAAGGTCCCTTTATCACAGAATTC	55.2	40.7	27
pkr_2-2-1_TGG377TYG	pkr_2-2-1	TGG	W	377	TYG	SL	TGG377TYG	TGG377TCG TGG377TTG	0.0	1.0	1.0	56	GTGATAAAGGGACCTTGGAAcarTYGatwgaraarAGAAGAGGCGAGAAACTAGAC	GTGATAAAGGGACCTTGGAA	carTYGatwgaraar	AGAAGAGGCGAGAAACTAGAC	51.1	47.6	21	rev_pkr_2-2-1	TTCCAAGGTCCCTTTATCACAGAATTC	55.2	40.7	27
pkr_2-2-1_TGG377TGC	pkr_2-2-1	TGG	W	377	TGC	C	TGG377TGC	TGG377TGC	0.0	1.0	1.0	56	GTGATAAAGGGACCTTGGAAcarTGCatwgaraarAGAAGAGGCGAGAAACTAGAC	GTGATAAAGGGACCTTGGAA	carTGCatwgaraar	AGAAGAGGCGAGAAACTAGAC	51.1	47.6	21	rev_pkr_2-2-1	TTCCAAGGTCCCTTTATCACAGAATTC	55.2	40.7	27
pkr_2-2-1_ATT378BTT	pkr_2-2-1	ATT	I	378	BTT	LVF	ATT378BTT	ATT378CTT ATT378GTT ATT378TTT	0.0	0.0	0.0	56	GTGATAAAGGGACCTTGGAAcartggBTTgaraarAGAAGAGGCGAGAAACTAGAC	GTGATAAAGGGACCTTGGAA	cartggBTTgaraar	AGAAGAGGCGAGAAACTAGAC	51.1	47.6	21	rev_pkr_2-2-1	TTCCAAGGTCCCTTTATCACAGAATTC	55.2	40.7	27
pkr_2-2-1_ATT378AVT	pkr_2-2-1	ATT	I	378	AVT	NTS	ATT378AVT	ATT378AAT ATT378ACT ATT378AGT	0.0	0.0	0.0	56	GTGATAAAGGGACCTTGGAAcartggAVTgaraarAGAAGAGGCGAGAAACTAGAC	GTGATAAAGGGACCTTGGAA	cartggAVTgaraar	AGAAGAGGCGAGAAACTAGAC	51.1	47.6	21	rev_pkr_2-2-1	TTCCAAGGTCCCTTTATCACAGAATTC	55.2	40.7	27
pkr_2-2-1_ATT378ATG	pkr_2-2-1	ATT	I	378	ATG	M	ATT378ATG	ATT378ATG	0.0	0.0	0.0	56	GTGATAAAGGGACCTTGGAAcartggATGgaraarAGAAGAGGCGAGAAACTAGAC	GTGATAAAGGGACCTTGGAA	cartggATGgaraar	AGAAGAGGCGAGAAACTAGAC	51.1	47.6	21	rev_pkr_2-2-1	TTCCAAGGTCCCTTTATCACAGAATTC	55.2	40.7	27
pkr_2-2-1_GAA379MAA	pkr_2-2-1	GAA	E	379	MAA	KQ	GAA379MAA	GAA379AAA GAA379CAA	0.0	1.0	1.0	56	GTGATAAAGGGACCTTGGAAcartggatwMAAaarAGAAGAGGCGAGAAACTAGAC	GTGATAAAGGGACCTTGGAA	cartggatwMAAaar	AGAAGAGGCGAGAAACTAGAC	51.1	47.6	21	rev_pkr_2-2-1	TTCCAAGGTCCCTTTATCACAGAATTC	55.2	40.7	27
pkr_2-2-1_GAA379GBA	pkr_2-2-1	GAA	E	379	GBA	AGV	GAA379GBA	GAA379GCA GAA379GGA GAA379GTA	0.0	1.0	1.0	56	GTGATAAAGGGACCTTGGAAcartggatwGBAaarAGAAGAGGCGAGAAACTAGAC	GTGATAAAGGGACCTTGGAA	cartggatwGBAaar	AGAAGAGGCGAGAAACTAGAC	51.1	47.6	21	rev_pkr_2-2-1	TTCCAAGGTCCCTTTATCACAGAATTC	55.2	40.7	27
pkr_2-2-1_GAA379GAT	pkr_2-2-1	GAA	E	379	GAT	D	GAA379GAT	GAA379GAT	0.0	1.0	1.0	56	GTGATAAAGGGACCTTGGAAcartggatwGATaarAGAAGAGGCGAGAAACTAGAC	GTGATAAAGGGACCTTGGAA	cartggatwGATaar	AGAAGAGGCGAGAAACTAGAC	51.1	47.6	21	rev_pkr_2-2-1	TTCCAAGGTCCCTTTATCACAGAATTC	55.2	40.7	27
pkr_2-2-1_AAA380SAA	pkr_2-2-1	AAA	K	380	SAA	QE	AAA380SAA	AAA380CAA AAA380GAA	0.0	1.0	1.0	56	GTGATAAAGGGACCTTGGAAcartggatwgarSAAAGAAGAGGCGAGAAACTAGAC	GTGATAAAGGGACCTTGGAA	cartggatwgarSAA	AGAAGAGGCGAGAAACTAGAC	51.1	47.6	21	rev_pkr_2-2-1	TTCCAAGGTCCCTTTATCACAGAATTC	55.2	40.7	27
pkr_2-2-1_AAA380ABA	pkr_2-2-1	AAA	K	380	ABA	TRI	AAA380ABA	AAA380ACA AAA380AGA AAA380ATA	0.0	1.0	1.0	56	GTGATAAAGGGACCTTGGAAcartggatwgarABAAGAAGAGGCGAGAAACTAGAC	GTGATAAAGGGACCTTGGAA	cartggatwgarABA	AGAAGAGGCGAGAAACTAGAC	51.1	47.6	21	rev_pkr_2-2-1	TTCCAAGGTCCCTTTATCACAGAATTC	55.2	40.7	27
pkr_2-2-1_AAA380AAT	pkr_2-2-1	AAA	K	380	AAT	N	AAA380AAT	AAA380AAT	0.0	1.0	1.0	56	GTGATAAAGGGACCTTGGAAcartggatwgarAATAGAAGAGGCGAGAAACTAGAC	GTGATAAAGGGACCTTGGAA	cartggatwgarAAT	AGAAGAGGCGAGAAACTAGAC	51.1	47.6	21	rev_pkr_2-2-1	TTCCAAGGTCCCTTTATCACAGAATTC	55.2	40.7	27
pkr_2-3-1_AGA381GGA	pkr_2-3-1	AGA	R	381	GGA	G	AGA381GGA	AGA381GGA	0.0	1.0	1.0	57	TGGAACAATGGATTGAAAAAGGAagrggwgaraarCTAGACAAAGTTTTGGCTTTGG	TGGAACAATGGATTGAAAAA	GGAagrggwgaraar	CTAGACAAAGTTTTGGCTTTGG	50.3	40.9	22	rev_pkr_2-3-1	TTTTTCAATCCATTGTTCCAAGGTCCC	56.4	40.7	27
pkr_2-3-1_AGA381AHA	pkr_2-3-1	AGA	R	381	AHA	KTI	AGA381AHA	AGA381AAA AGA381ACA AGA381ATA	0.0	1.0	1.0	57	TGGAACAATGGATTGAAAAAAHAagrggwgaraarCTAGACAAAGTTTTGGCTTTGG	TGGAACAATGGATTGAAAAA	AHAagrggwgaraar	CTAGACAAAGTTTTGGCTTTGG	50.3	40.9	22	rev_pkr_2-3-1	TTTTTCAATCCATTGTTCCAAGGTCCC	56.4	40.7	27
pkr_2-3-1_AGA381AGT	pkr_2-3-1	AGA	R	381	AGT	S	AGA381AGT	AGA381AGT	0.0	1.0	1.0	57	TGGAACAATGGATTGAAAAAAGTagrggwgaraarCTAGACAAAGTTTTGGCTTTGG	TGGAACAATGGATTGAAAAA	AGTagrggwgaraar	CTAGACAAAGTTTTGGCTTTGG	50.3	40.9	22	rev_pkr_2-3-1	TTTTTCAATCCATTGTTCCAAGGTCCC	56.4	40.7	27
pkr_2-3-1_AGA382GGA	pkr_2-3-1	AGA	R	382	GGA	G	AGA382GGA	AGA382GGA	0.0	1.0	1.0	57	TGGAACAATGGATTGAAAAAagrGGAggwgaraarCTAGACAAAGTTTTGGCTTTGG	TGGAACAATGGATTGAAAAA	agrGGAggwgaraar	CTAGACAAAGTTTTGGCTTTGG	50.3	40.9	22	rev_pkr_2-3-1	TTTTTCAATCCATTGTTCCAAGGTCCC	56.4	40.7	27
pkr_2-3-1_AGA382AHA	pkr_2-3-1	AGA	R	382	AHA	KTI	AGA382AHA	AGA382AAA AGA382ACA AGA382ATA	0.0	1.0	1.0	57	TGGAACAATGGATTGAAAAAagrAHAggwgaraarCTAGACAAAGTTTTGGCTTTGG	TGGAACAATGGATTGAAAAA	agrAHAggwgaraar	CTAGACAAAGTTTTGGCTTTGG	50.3	40.9	22	rev_pkr_2-3-1	TTTTTCAATCCATTGTTCCAAGGTCCC	56.4	40.7	27
pkr_2-3-1_AGA382AGT	pkr_2-3-1	AGA	R	382	AGT	S	AGA382AGT	AGA382AGT	0.0	1.0	1.0	57	TGGAACAATGGATTGAAAAAagrAGTggwgaraarCTAGACAAAGTTTTGGCTTTGG	TGGAACAATGGATTGAAAAA	agrAGTggwgaraar	CTAGACAAAGTTTTGGCTTTGG	50.3	40.9	22	rev_pkr_2-3-1	TTTTTCAATCCATTGTTCCAAGGTCCC	56.4	40.7	27
pkr_2-3-1_GGC383HGC	pkr_2-3-1	GGC	G	383	HGC	SRC	GGC383HGC	GGC383AGC GGC383CGC GGC383TGC	0.0	0.0	0.0	57	TGGAACAATGGATTGAAAAAagragrHGCgaraarCTAGACAAAGTTTTGGCTTTGG	TGGAACAATGGATTGAAAAA	agragrHGCgaraar	CTAGACAAAGTTTTGGCTTTGG	50.3	40.9	22	rev_pkr_2-3-1	TTTTTCAATCCATTGTTCCAAGGTCCC	56.4	40.7	27
pkr_2-3-1_GGC383GHC	pkr_2-3-1	GGC	G	383	GHC	DAV	GGC383GHC	GGC383GAC GGC383GCC GGC383GTC	0.0	0.0	0.0	57	TGGAACAATGGATTGAAAAAagragrGHCgaraarCTAGACAAAGTTTTGGCTTTGG	TGGAACAATGGATTGAAAAA	agragrGHCgaraar	CTAGACAAAGTTTTGGCTTTGG	50.3	40.9	22	rev_pkr_2-3-1	TTTTTCAATCCATTGTTCCAAGGTCCC	56.4	40.7	27
pkr_2-3-1_GAG384MAG	pkr_2-3-1	GAG	E	384	MAG	KQ	GAG384MAG	GAG384AAG GAG384CAG	0.0	1.0	1.0	57	TGGAACAATGGATTGAAAAAagragrggwMAGaarCTAGACAAAGTTTTGGCTTTGG	TGGAACAATGGATTGAAAAA	agragrggwMAGaar	CTAGACAAAGTTTTGGCTTTGG	50.3	40.9	22	rev_pkr_2-3-1	TTTTTCAATCCATTGTTCCAAGGTCCC	56.4	40.7	27
pkr_2-3-1_GAG384GBG	pkr_2-3-1	GAG	E	384	GBG	AGV	GAG384GBG	GAG384GCG GAG384GGG GAG384GTG	0.0	1.0	1.0	57	TGGAACAATGGATTGAAAAAagragrggwGBGaarCTAGACAAAGTTTTGGCTTTGG	TGGAACAATGGATTGAAAAA	agragrggwGBGaar	CTAGACAAAGTTTTGGCTTTGG	50.3	40.9	22	rev_pkr_2-3-1	TTTTTCAATCCATTGTTCCAAGGTCCC	56.4	40.7	27
pkr_2-3-1_GAG384GAT	pkr_2-3-1	GAG	E	384	GAT	D	GAG384GAT	GAG384GAT	0.0	1.0	1.0	57	TGGAACAATGGATTGAAAAAagragrggwGATaarCTAGACAAAGTTTTGGCTTTGG	TGGAACAATGGATTGAAAAA	agragrggwGATaar	CTAGACAAAGTTTTGGCTTTGG	50.3	40.9	22	rev_pkr_2-3-1	TTTTTCAATCCATTGTTCCAAGGTCCC	56.4	40.7	27
pkr_2-3-1_AAA385SAA	pkr_2-3-1	AAA	K	385	SAA	QE	AAA385SAA	AAA385CAA AAA385GAA	0.0	1.0	1.0	57	TGGAACAATGGATTGAAAAAagragrggwgarSAACTAGACAAAGTTTTGGCTTTGG	TGGAACAATGGATTGAAAAA	agragrggwgarSAA	CTAGACAAAGTTTTGGCTTTGG	50.3	40.9	22	rev_pkr_2-3-1	TTTTTCAATCCATTGTTCCAAGGTCCC	56.4	40.7	27
pkr_2-3-1_AAA385ABA	pkr_2-3-1	AAA	K	385	ABA	TRI	AAA385ABA	AAA385ACA AAA385AGA AAA385ATA	0.0	1.0	1.0	57	TGGAACAATGGATTGAAAAAagragrggwgarABACTAGACAAAGTTTTGGCTTTGG	TGGAACAATGGATTGAAAAA	agragrggwgarABA	CTAGACAAAGTTTTGGCTTTGG	50.3	40.9	22	rev_pkr_2-3-1	TTTTTCAATCCATTGTTCCAAGGTCCC	56.4	40.7	27
pkr_2-3-1_AAA385AAT	pkr_2-3-1	AAA	K	385	AAT	N	AAA385AAT	AAA385AAT	0.0	1.0	1.0	57	TGGAACAATGGATTGAAAAAagragrggwgarAATCTAGACAAAGTTTTGGCTTTGG	TGGAACAATGGATTGAAAAA	agragrggwgarAAT	CTAGACAAAGTTTTGGCTTTGG	50.3	40.9	22	rev_pkr_2-3-1	TTTTTCAATCCATTGTTCCAAGGTCCC	56.4	40.7	27
pkr_3-1-1_AGT448KGT	pkr_3-1-1	AGT	S	448	KGT	GC	AGT448KGT	AGT448GGT AGT448TGT	0.0	0.0	0.0	50	ATGATGGAAAGCGAACAAGGKGTaarggwacwTTGCGATACATGAGCCCA	ATGATGGAAAGCGAACAAGG	KGTaarggwacw	TTGCGATACATGAGCCCA	50.5	50.0	18	rev_pkr_3-1-1	CCTTGTTCGCTTTCCATCATTTTTCA	55.3	38.5	26
pkr_3-1-1_AGT448AHT	pkr_3-1-1	AGT	S	448	AHT	NTI	AGT448AHT	AGT448AAT AGT448ACT AGT448ATT	0.0	0.0	0.0	50	ATGATGGAAAGCGAACAAGGAHTaarggwacwTTGCGATACATGAGCCCA	ATGATGGAAAGCGAACAAGG	AHTaarggwacw	TTGCGATACATGAGCCCA	50.5	50.0	18	rev_pkr_3-1-1	CCTTGTTCGCTTTCCATCATTTTTCA	55.3	38.5	26
pkr_3-1-1_AGT448AGA	pkr_3-1-1	AGT	S	448	AGA	R	AGT448AGA	AGT448AGA	0.0	0.0	0.0	50	ATGATGGAAAGCGAACAAGGAGAaarggwacwTTGCGATACATGAGCCCA	ATGATGGAAAGCGAACAAGG	AGAaarggwacw	TTGCGATACATGAGCCCA	50.5	50.0	18	rev_pkr_3-1-1	CCTTGTTCGCTTTCCATCATTTTTCA	55.3	38.5	26
pkr_3-1-1_AAG449SAG	pkr_3-1-1	AAG	K	449	SAG	QE	AAG449SAG	AAG449CAG AAG449GAG	0.0	1.0	1.0	50	ATGATGGAAAGCGAACAAGGtcwSAGggwacwTTGCGATACATGAGCCCA	ATGATGGAAAGCGAACAAGG	tcwSAGggwacw	TTGCGATACATGAGCCCA	50.5	50.0	18	rev_pkr_3-1-1	CCTTGTTCGCTTTCCATCATTTTTCA	55.3	38.5	26
pkr_3-1-1_AAG449ABG	pkr_3-1-1	AAG	K	449	ABG	TRM	AAG449ABG	AAG449ACG AAG449AGG AAG449ATG	0.0	1.0	1.0	50	ATGATGGAAAGCGAACAAGGtcwABGggwacwTTGCGATACATGAGCCCA	ATGATGGAAAGCGAACAAGG	tcwABGggwacw	TTGCGATACATGAGCCCA	50.5	50.0	18	rev_pkr_3-1-1	CCTTGTTCGCTTTCCATCATTTTTCA	55.3	38.5	26
pkr_3-1-1_AAG449AAT	pkr_3-1-1	AAG	K	449	AAT	N	AAG449AAT	AAG449AAT	0.0	1.0	1.0	50	ATGATGGAAAGCGAACAAGGtcwAATggwacwTTGCGATACATGAGCCCA	ATGATGGAAAGCGAACAAGG	tcwAATggwacw	TTGCGATACATGAGCCCA	50.5	50.0	18	rev_pkr_3-1-1	CCTTGTTCGCTTTCCATCATTTTTCA	55.3	38.5	26
pkr_3-1-1_GGA450AGA	pkr_3-1-1	GGA	G	450	AGA	R	GGA450AGA	GGA450AGA	0.0	1.0	1.0	50	ATGATGGAAAGCGAACAAGGtcwaarAGAacwTTGCGATACATGAGCCCA	ATGATGGAAAGCGAACAAGG	tcwaarAGAacw	TTGCGATACATGAGCCCA	50.5	50.0	18	rev_pkr_3-1-1	CCTTGTTCGCTTTCCATCATTTTTCA	55.3	38.5	26
pkr_3-1-1_GGA450GHA	pkr_3-1-1	GGA	G	450	GHA	EAV	GGA450GHA	GGA450GAA GGA450GCA GGA450GTA	0.0	1.0	1.0	50	ATGATGGAAAGCGAACAAGGtcwaarGHAacwTTGCGATACATGAGCCCA	ATGATGGAAAGCGAACAAGG	tcwaarGHAacw	TTGCGATACATGAGCCCA	50.5	50.0	18	rev_pkr_3-1-1	CCTTGTTCGCTTTCCATCATTTTTCA	55.3	38.5	26
pkr_3-1-1_ACT451BCT	pkr_3-1-1	ACT	T	451	BCT	PAS	ACT451BCT	ACT451CCT ACT451GCT ACT451TCT	0.0	0.0	0.0	50	ATGATGGAAAGCGAACAAGGtcwaarggwBCTTTGCGATACATGAGCCCA	ATGATGGAAAGCGAACAAGG	tcwaarggwBCT	TTGCGATACATGAGCCCA	50.5	50.0	18	rev_pkr_3-1-1	CCTTGTTCGCTTTCCATCATTTTTCA	55.3	38.5	26
pkr_3-1-1_ACT451AWT	pkr_3-1-1	ACT	T	451	AWT	NI	ACT451AWT	ACT451AAT ACT451ATT	0.0	0.0	0.0	50	ATGATGGAAAGCGAACAAGGtcwaarggwAWTTTGCGATACATGAGCCCA	ATGATGGAAAGCGAACAAGG	tcwaarggwAWT	TTGCGATACATGAGCCCA	50.5	50.0	18	rev_pkr_3-1-1	CCTTGTTCGCTTTCCATCATTTTTCA	55.3	38.5	26
pkr_3-2-1_TTG452RTG	pkr_3-2-1	TTG	L	452	RTG	MV	TTG452RTG	TTG452ATG TTG452GTG	0.0	1.0	1.0	53	GAACAAGGAGTAAGGGAACTRTGagrtayatgAGCCCAGAACAGATTTCTTCG	GAACAAGGAGTAAGGGAACT	RTGagrtayatg	AGCCCAGAACAGATTTCTTCG	52.5	47.6	21	rev_pkr_3-2-1	AGTTCCCTTACTCCTTGTTCGCT	55.6	47.8	23
pkr_3-2-1_TTG452TSG	pkr_3-2-1	TTG	L	452	TSG	SW	TTG452TSG	TTG452TCG TTG452TGG	0.0	1.0	1.0	53	GAACAAGGAGTAAGGGAACTTSGagrtayatgAGCCCAGAACAGATTTCTTCG	GAACAAGGAGTAAGGGAACT	TSGagrtayatg	AGCCCAGAACAGATTTCTTCG	52.5	47.6	21	rev_pkr_3-2-1	AGTTCCCTTACTCCTTGTTCGCT	55.6	47.8	23
pkr_3-2-1_TTG452TTT	pkr_3-2-1	TTG	L	452	TTT	F	TTG452TTT	TTG452TTT	0.0	1.0	1.0	53	GAACAAGGAGTAAGGGAACTTTTagrtayatgAGCCCAGAACAGATTTCTTCG	GAACAAGGAGTAAGGGAACT	TTTagrtayatg	AGCCCAGAACAGATTTCTTCG	52.5	47.6	21	rev_pkr_3-2-1	AGTTCCCTTACTCCTTGTTCGCT	55.6	47.8	23
pkr_3-2-1_CGA453KGA	pkr_3-2-1	CGA	R	453	KGA	G*	CGA453KGA	CGA453GGA CGA453TGA	0.0	1.0	0.0	53	GAACAAGGAGTAAGGGAACTttrKGAtayatgAGCCCAGAACAGATTTCTTCG	GAACAAGGAGTAAGGGAACT	ttrKGAtayatg	AGCCCAGAACAGATTTCTTCG	52.5	47.6	21	rev_pkr_3-2-1	AGTTCCCTTACTCCTTGTTCGCT	55.6	47.8	23
pkr_3-2-1_CGA453CHA	pkr_3-2-1	CGA	R	453	CHA	QPL	CGA453CHA	CGA453CAA CGA453CCA CGA453CTA	0.0	1.0	0.0	53	GAACAAGGAGTAAGGGAACTttrCHAtayatgAGCCCAGAACAGATTTCTTCG	GAACAAGGAGTAAGGGAACT	ttrCHAtayatg	AGCCCAGAACAGATTTCTTCG	52.5	47.6	21	rev_pkr_3-2-1	AGTTCCCTTACTCCTTGTTCGCT	55.6	47.8	23
pkr_3-2-1_TAC454VAC	pkr_3-2-1	TAC	Y	454	VAC	NHD	TAC454VAC	TAC454AAC TAC454CAC TAC454GAC	0.0	1.0	1.0	53	GAACAAGGAGTAAGGGAACTttragrVACatgAGCCCAGAACAGATTTCTTCG	GAACAAGGAGTAAGGGAACT	ttragrVACatg	AGCCCAGAACAGATTTCTTCG	52.5	47.6	21	rev_pkr_3-2-1	AGTTCCCTTACTCCTTGTTCGCT	55.6	47.8	23
pkr_3-2-1_TAC454TBC	pkr_3-2-1	TAC	Y	454	TBC	SCF	TAC454TBC	TAC454TCC TAC454TGC TAC454TTC	0.0	1.0	1.0	53	GAACAAGGAGTAAGGGAACTttragrTBCatgAGCCCAGAACAGATTTCTTCG	GAACAAGGAGTAAGGGAACT	ttragrTBCatg	AGCCCAGAACAGATTTCTTCG	52.5	47.6	21	rev_pkr_3-2-1	AGTTCCCTTACTCCTTGTTCGCT	55.6	47.8	23
pkr_3-2-1_ATG455KTG	pkr_3-2-1	ATG	M	455	KTG	VL	ATG455KTG	ATG455GTG ATG455TTG	0.0	0.0	0.0	53	GAACAAGGAGTAAGGGAACTttragrtayKTGAGCCCAGAACAGATTTCTTCG	GAACAAGGAGTAAGGGAACT	ttragrtayKTG	AGCCCAGAACAGATTTCTTCG	52.5	47.6	21	rev_pkr_3-2-1	AGTTCCCTTACTCCTTGTTCGCT	55.6	47.8	23
pkr_3-2-1_ATG455AVG	pkr_3-2-1	ATG	M	455	AVG	KTR	ATG455AVG	ATG455AAG ATG455ACG ATG455AGG	0.0	0.0	0.0	53	GAACAAGGAGTAAGGGAACTttragrtayAVGAGCCCAGAACAGATTTCTTCG	GAACAAGGAGTAAGGGAACT	ttragrtayAVG	AGCCCAGAACAGATTTCTTCG	52.5	47.6	21	rev_pkr_3-2-1	AGTTCCCTTACTCCTTGTTCGCT	55.6	47.8	23
pkr_3-2-1_ATG455ATT	pkr_3-2-1	ATG	M	455	ATT	I	ATG455ATT	ATG455ATT	0.0	0.0	0.0	53	GAACAAGGAGTAAGGGAACTttragrtayATTAGCCCAGAACAGATTTCTTCG	GAACAAGGAGTAAGGGAACT	ttragrtayATT	AGCCCAGAACAGATTTCTTCG	52.5	47.6	21	rev_pkr_3-2-1	AGTTCCCTTACTCCTTGTTCGCT	55.6	47.8	23
pkr_4-1-1_GAA480HAA	pkr_4-1-1	GAA	E	480	HAA	KQ*	GAA480HAA	GAA480AAA GAA480CAA GAA480TAA	0.0	1.0	0.0	60	CTTTGGGGCTAATTCTTGCTHAAttrttrcaygtwtgyGACACTGCTTTTGAAACATCAA	CTTTGGGGCTAATTCTTGCT	HAAttrttrcaygtwtgy	GACACTGCTTTTGAAACATCAA	50.3	36.4	22	rev_pkr_4-1-1	AGCAAGAATTAGCCCCAAAGCG	55.9	50.0	22
pkr_4-1-1_GAA480GBA	pkr_4-1-1	GAA	E	480	GBA	AGV	GAA480GBA	GAA480GCA GAA480GGA GAA480GTA	0.0	1.0	0.0	60	CTTTGGGGCTAATTCTTGCTGBAttrttrcaygtwtgyGACACTGCTTTTGAAACATCAA	CTTTGGGGCTAATTCTTGCT	GBAttrttrcaygtwtgy	GACACTGCTTTTGAAACATCAA	50.3	36.4	22	rev_pkr_4-1-1	AGCAAGAATTAGCCCCAAAGCG	55.9	50.0	22
pkr_4-1-1_GAA480GAT	pkr_4-1-1	GAA	E	480	GAT	D	GAA480GAT	GAA480GAT	0.0	1.0	0.0	60	CTTTGGGGCTAATTCTTGCTGATttrttrcaygtwtgyGACACTGCTTTTGAAACATCAA	CTTTGGGGCTAATTCTTGCT	GATttrttrcaygtwtgy	GACACTGCTTTTGAAACATCAA	50.3	36.4	22	rev_pkr_4-1-1	AGCAAGAATTAGCCCCAAAGCG	55.9	50.0	22
pkr_4-1-1_CTT481DTT	pkr_4-1-1	CTT	L	481	DTT	IVF	CTT481DTT	CTT481ATT CTT481GTT CTT481TTT	0.0	0.0	0.0	60	CTTTGGGGCTAATTCTTGCTgarDTTttrcaygtwtgyGACACTGCTTTTGAAACATCAA	CTTTGGGGCTAATTCTTGCT	garDTTttrcaygtwtgy	GACACTGCTTTTGAAACATCAA	50.3	36.4	22	rev_pkr_4-1-1	AGCAAGAATTAGCCCCAAAGCG	55.9	50.0	22
pkr_4-1-1_CTT481CVT	pkr_4-1-1	CTT	L	481	CVT	HPR	CTT481CVT	CTT481CAT CTT481CCT CTT481CGT	0.0	0.0	0.0	60	CTTTGGGGCTAATTCTTGCTgarCVTttrcaygtwtgyGACACTGCTTTTGAAACATCAA	CTTTGGGGCTAATTCTTGCT	garCVTttrcaygtwtgy	GACACTGCTTTTGAAACATCAA	50.3	36.4	22	rev_pkr_4-1-1	AGCAAGAATTAGCCCCAAAGCG	55.9	50.0	22
pkr_4-1-1_CTT482DTT	pkr_4-1-1	CTT	L	482	DTT	IVF	CTT482DTT	CTT482ATT CTT482GTT CTT482TTT	0.0	0.0	0.0	60	CTTTGGGGCTAATTCTTGCTgarttrDTTcaygtwtgyGACACTGCTTTTGAAACATCAA	CTTTGGGGCTAATTCTTGCT	garttrDTTcaygtwtgy	GACACTGCTTTTGAAACATCAA	50.3	36.4	22	rev_pkr_4-1-1	AGCAAGAATTAGCCCCAAAGCG	55.9	50.0	22
pkr_4-1-1_CTT482CVT	pkr_4-1-1	CTT	L	482	CVT	HPR	CTT482CVT	CTT482CAT CTT482CCT CTT482CGT	0.0	0.0	0.0	60	CTTTGGGGCTAATTCTTGCTgarttrCVTcaygtwtgyGACACTGCTTTTGAAACATCAA	CTTTGGGGCTAATTCTTGCT	garttrCVTcaygtwtgy	GACACTGCTTTTGAAACATCAA	50.3	36.4	22	rev_pkr_4-1-1	AGCAAGAATTAGCCCCAAAGCG	55.9	50.0	22
pkr_4-1-1_CAT483DAT	pkr_4-1-1	CAT	H	483	DAT	NDY	CAT483DAT	CAT483AAT CAT483GAT CAT483TAT	0.0	0.0	0.0	60	CTTTGGGGCTAATTCTTGCTgarttrttrDATgtwtgyGACACTGCTTTTGAAACATCAA	CTTTGGGGCTAATTCTTGCT	garttrttrDATgtwtgy	GACACTGCTTTTGAAACATCAA	50.3	36.4	22	rev_pkr_4-1-1	AGCAAGAATTAGCCCCAAAGCG	55.9	50.0	22
pkr_4-1-1_CAT483CBT	pkr_4-1-1	CAT	H	483	CBT	PRL	CAT483CBT	CAT483CCT CAT483CGT CAT483CTT	0.0	0.0	0.0	60	CTTTGGGGCTAATTCTTGCTgarttrttrCBTgtwtgyGACACTGCTTTTGAAACATCAA	CTTTGGGGCTAATTCTTGCT	garttrttrCBTgtwtgy	GACACTGCTTTTGAAACATCAA	50.3	36.4	22	rev_pkr_4-1-1	AGCAAGAATTAGCCCCAAAGCG	55.9	50.0	22
pkr_4-1-1_CAT483CAA	pkr_4-1-1	CAT	H	483	CAA	Q	CAT483CAA	CAT483CAA	0.0	0.0	0.0	60	CTTTGGGGCTAATTCTTGCTgarttrttrCAAgtwtgyGACACTGCTTTTGAAACATCAA	CTTTGGGGCTAATTCTTGCT	garttrttrCAAgtwtgy	GACACTGCTTTTGAAACATCAA	50.3	36.4	22	rev_pkr_4-1-1	AGCAAGAATTAGCCCCAAAGCG	55.9	50.0	22
pkr_4-1-1_GTA484WTA	pkr_4-1-1	GTA	V	484	WTA	IL	GTA484WTA	GTA484ATA GTA484TTA	1.0	0.0	0.0	60	CTTTGGGGCTAATTCTTGCTgarttrttrcayWTAtgyGACACTGCTTTTGAAACATCAA	CTTTGGGGCTAATTCTTGCT	garttrttrcayWTAtgy	GACACTGCTTTTGAAACATCAA	50.3	36.4	22	rev_pkr_4-1-1	AGCAAGAATTAGCCCCAAAGCG	55.9	50.0	22
pkr_4-1-1_GTA484GVA	pkr_4-1-1	GTA	V	484	GVA	EAG	GTA484GVA	GTA484GAA GTA484GCA GTA484GGA	1.0	0.0	0.0	60	CTTTGGGGCTAATTCTTGCTgarttrttrcayGVAtgyGACACTGCTTTTGAAACATCAA	CTTTGGGGCTAATTCTTGCT	garttrttrcayGVAtgy	GACACTGCTTTTGAAACATCAA	50.3	36.4	22	rev_pkr_4-1-1	AGCAAGAATTAGCCCCAAAGCG	55.9	50.0	22
pkr_4-1-1_GTA484GTT	pkr_4-1-1	GTA	V	484	GTT	V	GTA484GTT	GTA484GTT	1.0	0.0	0.0	60	CTTTGGGGCTAATTCTTGCTgarttrttrcayGTTtgyGACACTGCTTTTGAAACATCAA	CTTTGGGGCTAATTCTTGCT	garttrttrcayGTTtgy	GACACTGCTTTTGAAACATCAA	50.3	36.4	22	rev_pkr_4-1-1	AGCAAGAATTAGCCCCAAAGCG	55.9	50.0	22
pkr_4-1-1_TGT485SGT	pkr_4-1-1	TGT	C	485	SGT	RG	TGT485SGT	TGT485CGT TGT485GGT	0.0	1.0	1.0	60	CTTTGGGGCTAATTCTTGCTgarttrttrcaygtwSGTGACACTGCTTTTGAAACATCAA	CTTTGGGGCTAATTCTTGCT	garttrttrcaygtwSGT	GACACTGCTTTTGAAACATCAA	50.3	36.4	22	rev_pkr_4-1-1	AGCAAGAATTAGCCCCAAAGCG	55.9	50.0	22
pkr_4-1-1_TGT485THT	pkr_4-1-1	TGT	C	485	THT	YSF	TGT485THT	TGT485TAT TGT485TCT TGT485TTT	0.0	1.0	1.0	60	CTTTGGGGCTAATTCTTGCTgarttrttrcaygtwTHTGACACTGCTTTTGAAACATCAA	CTTTGGGGCTAATTCTTGCT	garttrttrcaygtwTHT	GACACTGCTTTTGAAACATCAA	50.3	36.4	22	rev_pkr_4-1-1	AGCAAGAATTAGCCCCAAAGCG	55.9	50.0	22
pkr_4-1-1_TGT485TGG	pkr_4-1-1	TGT	C	485	TGG	W	TGT485TGG	TGT485TGG	0.0	1.0	1.0	60	CTTTGGGGCTAATTCTTGCTgarttrttrcaygtwTGGGACACTGCTTTTGAAACATCAA	CTTTGGGGCTAATTCTTGCT	garttrttrcaygtwTGG	GACACTGCTTTTGAAACATCAA	50.3	36.4	22	rev_pkr_4-1-1	AGCAAGAATTAGCCCCAAAGCG	55.9	50.0	22
pkr_4-2-1_GAC486HAC	pkr_4-2-1	GAC	D	486	HAC	NHY	GAC486HAC	GAC486AAC GAC486CAC GAC486TAC	0.0	0.0	0.0	60	CTGAACTTCTTCATGTATGTHACacwgcwttygaracwTCAAAGTTTTTCACAGACCTAC	CTGAACTTCTTCATGTATGT	HACacwgcwttygaracw	TCAAAGTTTTTCACAGACCTAC	48.8	36.4	22	rev_pkr_4-2-1	ACATACATGAAGAAGTTCAGCAAGAATTAGC	56.6	35.5	31
pkr_4-2-1_GAC486GBC	pkr_4-2-1	GAC	D	486	GBC	AGV	GAC486GBC	GAC486GCC GAC486GGC GAC486GTC	0.0	0.0	0.0	60	CTGAACTTCTTCATGTATGTGBCacwgcwttygaracwTCAAAGTTTTTCACAGACCTAC	CTGAACTTCTTCATGTATGT	GBCacwgcwttygaracw	TCAAAGTTTTTCACAGACCTAC	48.8	36.4	22	rev_pkr_4-2-1	ACATACATGAAGAAGTTCAGCAAGAATTAGC	56.6	35.5	31
pkr_4-2-1_GAC486GAA	pkr_4-2-1	GAC	D	486	GAA	E	GAC486GAA	GAC486GAA	0.0	0.0	0.0	60	CTGAACTTCTTCATGTATGTGAAacwgcwttygaracwTCAAAGTTTTTCACAGACCTAC	CTGAACTTCTTCATGTATGT	GAAacwgcwttygaracw	TCAAAGTTTTTCACAGACCTAC	48.8	36.4	22	rev_pkr_4-2-1	ACATACATGAAGAAGTTCAGCAAGAATTAGC	56.6	35.5	31
pkr_4-2-1_ACT487BCT	pkr_4-2-1	ACT	T	487	BCT	PAS	ACT487BCT	ACT487CCT ACT487GCT ACT487TCT	0.0	0.0	0.0	60	CTGAACTTCTTCATGTATGTgayBCTgcwttygaracwTCAAAGTTTTTCACAGACCTAC	CTGAACTTCTTCATGTATGT	gayBCTgcwttygaracw	TCAAAGTTTTTCACAGACCTAC	48.8	36.4	22	rev_pkr_4-2-1	ACATACATGAAGAAGTTCAGCAAGAATTAGC	56.6	35.5	31
pkr_4-2-1_ACT487AWT	pkr_4-2-1	ACT	T	487	AWT	NI	ACT487AWT	ACT487AAT ACT487ATT	0.0	0.0	0.0	60	CTGAACTTCTTCATGTATGTgayAWTgcwttygaracwTCAAAGTTTTTCACAGACCTAC	CTGAACTTCTTCATGTATGT	gayAWTgcwttygaracw	TCAAAGTTTTTCACAGACCTAC	48.8	36.4	22	rev_pkr_4-2-1	ACATACATGAAGAAGTTCAGCAAGAATTAGC	56.6	35.5	31
pkr_4-2-1_GCT488HCT	pkr_4-2-1	GCT	A	488	HCT	TPS	GCT488HCT	GCT488ACT GCT488CCT GCT488TCT	0.0	0.0	0.0	60	CTGAACTTCTTCATGTATGTgayacwHCTttygaracwTCAAAGTTTTTCACAGACCTAC	CTGAACTTCTTCATGTATGT	gayacwHCTttygaracw	TCAAAGTTTTTCACAGACCTAC	48.8	36.4	22	rev_pkr_4-2-1	ACATACATGAAGAAGTTCAGCAAGAATTAGC	56.6	35.5	31
pkr_4-2-1_GCT488GDT	pkr_4-2-1	GCT	A	488	GDT	DGV	GCT488GDT	GCT488GAT GCT488GGT GCT488GTT	0.0	0.0	0.0	60	CTGAACTTCTTCATGTATGTgayacwGDTttygaracwTCAAAGTTTTTCACAGACCTAC	CTGAACTTCTTCATGTATGT	gayacwGDTttygaracw	TCAAAGTTTTTCACAGACCTAC	48.8	36.4	22	rev_pkr_4-2-1	ACATACATGAAGAAGTTCAGCAAGAATTAGC	56.6	35.5	31
pkr_4-2-1_TTT489RTT	pkr_4-2-1	TTT	F	489	RTT	IV	TTT489RTT	TTT489ATT TTT489GTT	0.0	0.0	0.0	60	CTGAACTTCTTCATGTATGTgayacwgcwRTTgaracwTCAAAGTTTTTCACAGACCTAC	CTGAACTTCTTCATGTATGT	gayacwgcwRTTgaracw	TCAAAGTTTTTCACAGACCTAC	48.8	36.4	22	rev_pkr_4-2-1	ACATACATGAAGAAGTTCAGCAAGAATTAGC	56.6	35.5	31
pkr_4-2-1_TTT489TVT	pkr_4-2-1	TTT	F	489	TVT	YSC	TTT489TVT	TTT489TAT TTT489TCT TTT489TGT	0.0	0.0	0.0	60	CTGAACTTCTTCATGTATGTgayacwgcwTVTgaracwTCAAAGTTTTTCACAGACCTAC	CTGAACTTCTTCATGTATGT	gayacwgcwTVTgaracw	TCAAAGTTTTTCACAGACCTAC	48.8	36.4	22	rev_pkr_4-2-1	ACATACATGAAGAAGTTCAGCAAGAATTAGC	56.6	35.5	31
pkr_4-2-1_TTT489TTG	pkr_4-2-1	TTT	F	489	TTG	L	TTT489TTG	TTT489TTG	0.0	0.0	0.0	60	CTGAACTTCTTCATGTATGTgayacwgcwTTGgaracwTCAAAGTTTTTCACAGACCTAC	CTGAACTTCTTCATGTATGT	gayacwgcwTTGgaracw	TCAAAGTTTTTCACAGACCTAC	48.8	36.4	22	rev_pkr_4-2-1	ACATACATGAAGAAGTTCAGCAAGAATTAGC	56.6	35.5	31
pkr_4-2-1_GAA490MAA	pkr_4-2-1	GAA	E	490	MAA	KQ	GAA490MAA	GAA490AAA GAA490CAA	0.0	1.0	1.0	60	CTGAACTTCTTCATGTATGTgayacwgcwttyMAAacwTCAAAGTTTTTCACAGACCTAC	CTGAACTTCTTCATGTATGT	gayacwgcwttyMAAacw	TCAAAGTTTTTCACAGACCTAC	48.8	36.4	22	rev_pkr_4-2-1	ACATACATGAAGAAGTTCAGCAAGAATTAGC	56.6	35.5	31
pkr_4-2-1_GAA490GBA	pkr_4-2-1	GAA	E	490	GBA	AGV	GAA490GBA	GAA490GCA GAA490GGA GAA490GTA	0.0	1.0	1.0	60	CTGAACTTCTTCATGTATGTgayacwgcwttyGBAacwTCAAAGTTTTTCACAGACCTAC	CTGAACTTCTTCATGTATGT	gayacwgcwttyGBAacw	TCAAAGTTTTTCACAGACCTAC	48.8	36.4	22	rev_pkr_4-2-1	ACATACATGAAGAAGTTCAGCAAGAATTAGC	56.6	35.5	31
pkr_4-2-1_GAA490GAT	pkr_4-2-1	GAA	E	490	GAT	D	GAA490GAT	GAA490GAT	0.0	1.0	1.0	60	CTGAACTTCTTCATGTATGTgayacwgcwttyGATacwTCAAAGTTTTTCACAGACCTAC	CTGAACTTCTTCATGTATGT	gayacwgcwttyGATacw	TCAAAGTTTTTCACAGACCTAC	48.8	36.4	22	rev_pkr_4-2-1	ACATACATGAAGAAGTTCAGCAAGAATTAGC	56.6	35.5	31
pkr_4-2-1_ACA491BCA	pkr_4-2-1	ACA	T	491	BCA	PAS	ACA491BCA	ACA491CCA ACA491GCA ACA491TCA	0.0	0.0	0.0	60	CTGAACTTCTTCATGTATGTgayacwgcwttygarBCATCAAAGTTTTTCACAGACCTAC	CTGAACTTCTTCATGTATGT	gayacwgcwttygarBCA	TCAAAGTTTTTCACAGACCTAC	48.8	36.4	22	rev_pkr_4-2-1	ACATACATGAAGAAGTTCAGCAAGAATTAGC	56.6	35.5	31
pkr_4-2-1_ACA491ADA	pkr_4-2-1	ACA	T	491	ADA	KRI	ACA491ADA	ACA491AAA ACA491AGA ACA491ATA	0.0	0.0	0.0	60	CTGAACTTCTTCATGTATGTgayacwgcwttygarADATCAAAGTTTTTCACAGACCTAC	CTGAACTTCTTCATGTATGT	gayacwgcwttygarADA	TCAAAGTTTTTCACAGACCTAC	48.8	36.4	22	rev_pkr_4-2-1	ACATACATGAAGAAGTTCAGCAAGAATTAGC	56.6	35.5	31
pkr_4-3-1_TCA492VCA	pkr_4-3-1	TCA	S	492	VCA	TPA	TCA492VCA	TCA492ACA TCA492CCA TCA492GCA	0.0	1.0	1.0	53	GTGACACTGCTTTTGAAACAVCAaarttyttyacwGACCTACGGGATGGCATC	GTGACACTGCTTTTGAAACA	VCAaarttyttyacw	GACCTACGGGATGGCATC	51.2	61.1	18	rev_pkr_4-3-1	TGTTTCAAAAGCAGTGTCACATACATG	55.2	37.0	27
pkr_4-3-1_TCA492TTA	pkr_4-3-1	TCA	S	492	TTA	L	TCA492TTA	TCA492TTA	0.0	1.0	1.0	53	GTGACACTGCTTTTGAAACATTAaarttyttyacwGACCTACGGGATGGCATC	GTGACACTGCTTTTGAAACA	TTAaarttyttyacw	GACCTACGGGATGGCATC	51.2	61.1	18	rev_pkr_4-3-1	TGTTTCAAAAGCAGTGTCACATACATG	55.2	37.0	27
pkr_4-3-1_AAG493SAG	pkr_4-3-1	AAG	K	493	SAG	QE	AAG493SAG	AAG493CAG AAG493GAG	0.0	1.0	1.0	53	GTGACACTGCTTTTGAAACAtcwSAGttyttyacwGACCTACGGGATGGCATC	GTGACACTGCTTTTGAAACA	tcwSAGttyttyacw	GACCTACGGGATGGCATC	51.2	61.1	18	rev_pkr_4-3-1	TGTTTCAAAAGCAGTGTCACATACATG	55.2	37.0	27
pkr_4-3-1_AAG493ABG	pkr_4-3-1	AAG	K	493	ABG	TRM	AAG493ABG	AAG493ACG AAG493AGG AAG493ATG	0.0	1.0	1.0	53	GTGACACTGCTTTTGAAACAtcwABGttyttyacwGACCTACGGGATGGCATC	GTGACACTGCTTTTGAAACA	tcwABGttyttyacw	GACCTACGGGATGGCATC	51.2	61.1	18	rev_pkr_4-3-1	TGTTTCAAAAGCAGTGTCACATACATG	55.2	37.0	27
pkr_4-3-1_AAG493AAT	pkr_4-3-1	AAG	K	493	AAT	N	AAG493AAT	AAG493AAT	0.0	1.0	1.0	53	GTGACACTGCTTTTGAAACAtcwAATttyttyacwGACCTACGGGATGGCATC	GTGACACTGCTTTTGAAACA	tcwAATttyttyacw	GACCTACGGGATGGCATC	51.2	61.1	18	rev_pkr_4-3-1	TGTTTCAAAAGCAGTGTCACATACATG	55.2	37.0	27
pkr_4-3-1_TTT494RTT	pkr_4-3-1	TTT	F	494	RTT	IV	TTT494RTT	TTT494ATT TTT494GTT	0.0	0.0	0.0	53	GTGACACTGCTTTTGAAACAtcwaarRTTttyacwGACCTACGGGATGGCATC	GTGACACTGCTTTTGAAACA	tcwaarRTTttyacw	GACCTACGGGATGGCATC	51.2	61.1	18	rev_pkr_4-3-1	TGTTTCAAAAGCAGTGTCACATACATG	55.2	37.0	27
pkr_4-3-1_TTT494TVT	pkr_4-3-1	TTT	F	494	TVT	YSC	TTT494TVT	TTT494TAT TTT494TCT TTT494TGT	0.0	0.0	0.0	53	GTGACACTGCTTTTGAAACAtcwaarTVTttyacwGACCTACGGGATGGCATC	GTGACACTGCTTTTGAAACA	tcwaarTVTttyacw	GACCTACGGGATGGCATC	51.2	61.1	18	rev_pkr_4-3-1	TGTTTCAAAAGCAGTGTCACATACATG	55.2	37.0	27
pkr_4-3-1_TTT494TTG	pkr_4-3-1	TTT	F	494	TTG	L	TTT494TTG	TTT494TTG	0.0	0.0	0.0	53	GTGACACTGCTTTTGAAACAtcwaarTTGttyacwGACCTACGGGATGGCATC	GTGACACTGCTTTTGAAACA	tcwaarTTGttyacw	GACCTACGGGATGGCATC	51.2	61.1	18	rev_pkr_4-3-1	TGTTTCAAAAGCAGTGTCACATACATG	55.2	37.0	27
pkr_4-3-1_TTC495RTC	pkr_4-3-1	TTC	F	495	RTC	IV	TTC495RTC	TTC495ATC TTC495GTC	0.0	0.0	0.0	53	GTGACACTGCTTTTGAAACAtcwaarttyRTCacwGACCTACGGGATGGCATC	GTGACACTGCTTTTGAAACA	tcwaarttyRTCacw	GACCTACGGGATGGCATC	51.2	61.1	18	rev_pkr_4-3-1	TGTTTCAAAAGCAGTGTCACATACATG	55.2	37.0	27
pkr_4-3-1_TTC495TVC	pkr_4-3-1	TTC	F	495	TVC	YSC	TTC495TVC	TTC495TAC TTC495TCC TTC495TGC	0.0	0.0	0.0	53	GTGACACTGCTTTTGAAACAtcwaarttyTVCacwGACCTACGGGATGGCATC	GTGACACTGCTTTTGAAACA	tcwaarttyTVCacw	GACCTACGGGATGGCATC	51.2	61.1	18	rev_pkr_4-3-1	TGTTTCAAAAGCAGTGTCACATACATG	55.2	37.0	27
pkr_4-3-1_TTC495TTG	pkr_4-3-1	TTC	F	495	TTG	L	TTC495TTG	TTC495TTG	0.0	0.0	0.0	53	GTGACACTGCTTTTGAAACAtcwaarttyTTGacwGACCTACGGGATGGCATC	GTGACACTGCTTTTGAAACA	tcwaarttyTTGacw	GACCTACGGGATGGCATC	51.2	61.1	18	rev_pkr_4-3-1	TGTTTCAAAAGCAGTGTCACATACATG	55.2	37.0	27
pkr_4-3-1_ACA496BCA	pkr_4-3-1	ACA	T	496	BCA	PAS	ACA496BCA	ACA496CCA ACA496GCA ACA496TCA	0.0	0.0	0.0	53	GTGACACTGCTTTTGAAACAtcwaarttyttyBCAGACCTACGGGATGGCATC	GTGACACTGCTTTTGAAACA	tcwaarttyttyBCA	GACCTACGGGATGGCATC	51.2	61.1	18	rev_pkr_4-3-1	TGTTTCAAAAGCAGTGTCACATACATG	55.2	37.0	27
pkr_4-3-1_ACA496ADA	pkr_4-3-1	ACA	T	496	ADA	KRI	ACA496ADA	ACA496AAA ACA496AGA ACA496ATA	0.0	0.0	0.0	53	GTGACACTGCTTTTGAAACAtcwaarttyttyADAGACCTACGGGATGGCATC	GTGACACTGCTTTTGAAACA	tcwaarttyttyADA	GACCTACGGGATGGCATC	51.2	61.1	18	rev_pkr_4-3-1	TGTTTCAAAAGCAGTGTCACATACATG	55.2	37.0	27
pkr_4-4-1_GAC497HAC	pkr_4-4-1	GAC	D	497	HAC	NHY	GAC497HAC	GAC497AAC GAC497CAC GAC497TAC	0.0	0.0	0.0	68	AAACATCAAAGTTTTTCACAHACttragrgayggwATCATCTCAGATATATTTGATAAAAAAGAAAAA	AAACATCAAAGTTTTTCACA	HACttragrgayggw	ATCATCTCAGATATATTTGATAAAAAAGAAAAA	50.3	18.2	33	rev_pkr_4-4-1	TGTGAAAAACTTTGATGTTTCAAAAGCAG	55.0	31.0	29
pkr_4-4-1_GAC497GBC	pkr_4-4-1	GAC	D	497	GBC	AGV	GAC497GBC	GAC497GCC GAC497GGC GAC497GTC	0.0	0.0	0.0	68	AAACATCAAAGTTTTTCACAGBCttragrgayggwATCATCTCAGATATATTTGATAAAAAAGAAAAA	AAACATCAAAGTTTTTCACA	GBCttragrgayggw	ATCATCTCAGATATATTTGATAAAAAAGAAAAA	50.3	18.2	33	rev_pkr_4-4-1	TGTGAAAAACTTTGATGTTTCAAAAGCAG	55.0	31.0	29
pkr_4-4-1_GAC497GAA	pkr_4-4-1	GAC	D	497	GAA	E	GAC497GAA	GAC497GAA	0.0	0.0	0.0	68	AAACATCAAAGTTTTTCACAGAAttragrgayggwATCATCTCAGATATATTTGATAAAAAAGAAAAA	AAACATCAAAGTTTTTCACA	GAAttragrgayggw	ATCATCTCAGATATATTTGATAAAAAAGAAAAA	50.3	18.2	33	rev_pkr_4-4-1	TGTGAAAAACTTTGATGTTTCAAAAGCAG	55.0	31.0	29
pkr_4-4-1_CTA498RTA	pkr_4-4-1	CTA	L	498	RTA	IV	CTA498RTA	CTA498ATA CTA498GTA	0.0	0.0	0.0	68	AAACATCAAAGTTTTTCACAgayRTAagrgayggwATCATCTCAGATATATTTGATAAAAAAGAAAAA	AAACATCAAAGTTTTTCACA	gayRTAagrgayggw	ATCATCTCAGATATATTTGATAAAAAAGAAAAA	50.3	18.2	33	rev_pkr_4-4-1	TGTGAAAAACTTTGATGTTTCAAAAGCAG	55.0	31.0	29
pkr_4-4-1_CTA498CVA	pkr_4-4-1	CTA	L	498	CVA	QPR	CTA498CVA	CTA498CAA CTA498CCA CTA498CGA	0.0	0.0	0.0	68	AAACATCAAAGTTTTTCACAgayCVAagrgayggwATCATCTCAGATATATTTGATAAAAAAGAAAAA	AAACATCAAAGTTTTTCACA	gayCVAagrgayggw	ATCATCTCAGATATATTTGATAAAAAAGAAAAA	50.3	18.2	33	rev_pkr_4-4-1	TGTGAAAAACTTTGATGTTTCAAAAGCAG	55.0	31.0	29
pkr_4-4-1_CGG499KGG	pkr_4-4-1	CGG	R	499	KGG	GW	CGG499KGG	CGG499GGG CGG499TGG	0.0	0.0	0.0	68	AAACATCAAAGTTTTTCACAgayttrKGGgayggwATCATCTCAGATATATTTGATAAAAAAGAAAAA	AAACATCAAAGTTTTTCACA	gayttrKGGgayggw	ATCATCTCAGATATATTTGATAAAAAAGAAAAA	50.3	18.2	33	rev_pkr_4-4-1	TGTGAAAAACTTTGATGTTTCAAAAGCAG	55.0	31.0	29
pkr_4-4-1_CGG499CHG	pkr_4-4-1	CGG	R	499	CHG	QPL	CGG499CHG	CGG499CAG CGG499CCG CGG499CTG	0.0	0.0	0.0	68	AAACATCAAAGTTTTTCACAgayttrCHGgayggwATCATCTCAGATATATTTGATAAAAAAGAAAAA	AAACATCAAAGTTTTTCACA	gayttrCHGgayggw	ATCATCTCAGATATATTTGATAAAAAAGAAAAA	50.3	18.2	33	rev_pkr_4-4-1	TGTGAAAAACTTTGATGTTTCAAAAGCAG	55.0	31.0	29
pkr_4-4-1_GAT500HAT	pkr_4-4-1	GAT	D	500	HAT	NHY	GAT500HAT	GAT500AAT GAT500CAT GAT500TAT	0.0	0.0	0.0	68	AAACATCAAAGTTTTTCACAgayttragrHATggwATCATCTCAGATATATTTGATAAAAAAGAAAAA	AAACATCAAAGTTTTTCACA	gayttragrHATggw	ATCATCTCAGATATATTTGATAAAAAAGAAAAA	50.3	18.2	33	rev_pkr_4-4-1	TGTGAAAAACTTTGATGTTTCAAAAGCAG	55.0	31.0	29
pkr_4-4-1_GAT500GBT	pkr_4-4-1	GAT	D	500	GBT	AGV	GAT500GBT	GAT500GCT GAT500GGT GAT500GTT	0.0	0.0	0.0	68	AAACATCAAAGTTTTTCACAgayttragrGBTggwATCATCTCAGATATATTTGATAAAAAAGAAAAA	AAACATCAAAGTTTTTCACA	gayttragrGBTggw	ATCATCTCAGATATATTTGATAAAAAAGAAAAA	50.3	18.2	33	rev_pkr_4-4-1	TGTGAAAAACTTTGATGTTTCAAAAGCAG	55.0	31.0	29
pkr_4-4-1_GAT500GAA	pkr_4-4-1	GAT	D	500	GAA	E	GAT500GAA	GAT500GAA	0.0	0.0	0.0	68	AAACATCAAAGTTTTTCACAgayttragrGAAggwATCATCTCAGATATATTTGATAAAAAAGAAAAA	AAACATCAAAGTTTTTCACA	gayttragrGAAggw	ATCATCTCAGATATATTTGATAAAAAAGAAAAA	50.3	18.2	33	rev_pkr_4-4-1	TGTGAAAAACTTTGATGTTTCAAAAGCAG	55.0	31.0	29
pkr_4-4-1_GGC501HGC	pkr_4-4-1	GGC	G	501	HGC	SRC	GGC501HGC	GGC501AGC GGC501CGC GGC501TGC	0.0	0.0	0.0	68	AAACATCAAAGTTTTTCACAgayttragrgayHGCATCATCTCAGATATATTTGATAAAAAAGAAAAA	AAACATCAAAGTTTTTCACA	gayttragrgayHGC	ATCATCTCAGATATATTTGATAAAAAAGAAAAA	50.3	18.2	33	rev_pkr_4-4-1	TGTGAAAAACTTTGATGTTTCAAAAGCAG	55.0	31.0	29
pkr_4-4-1_GGC501GHC	pkr_4-4-1	GGC	G	501	GHC	DAV	GGC501GHC	GGC501GAC GGC501GCC GGC501GTC	0.0	0.0	0.0	68	AAACATCAAAGTTTTTCACAgayttragrgayGHCATCATCTCAGATATATTTGATAAAAAAGAAAAA	AAACATCAAAGTTTTTCACA	gayttragrgayGHC	ATCATCTCAGATATATTTGATAAAAAAGAAAAA	50.3	18.2	33	rev_pkr_4-4-1	TGTGAAAAACTTTGATGTTTCAAAAGCAG	55.0	31.0	29
pkr_4-5-1_ATC502BTC	pkr_4-5-1	ATC	I	502	BTC	LVF	ATC502BTC	ATC502CTC ATC502GTC ATC502TTC	0.0	0.0	0.0	65	TCACAGACCTACGGGATGGCBTCatwtcwgayatwTTTGATAAAAAAGAAAAAACTCTTCTACAG	TCACAGACCTACGGGATGGC	BTCatwtcwgayatw	TTTGATAAAAAAGAAAAAACTCTTCTACAG	50.7	23.3	30	rev_pkr_4-5-1	GCCATCCCGTAGGTCTGTGA	55.5	60.0	20
pkr_4-5-1_ATC502AVC	pkr_4-5-1	ATC	I	502	AVC	NTS	ATC502AVC	ATC502AAC ATC502ACC ATC502AGC	0.0	0.0	0.0	65	TCACAGACCTACGGGATGGCAVCatwtcwgayatwTTTGATAAAAAAGAAAAAACTCTTCTACAG	TCACAGACCTACGGGATGGC	AVCatwtcwgayatw	TTTGATAAAAAAGAAAAAACTCTTCTACAG	50.7	23.3	30	rev_pkr_4-5-1	GCCATCCCGTAGGTCTGTGA	55.5	60.0	20
pkr_4-5-1_ATC502ATG	pkr_4-5-1	ATC	I	502	ATG	M	ATC502ATG	ATC502ATG	0.0	0.0	0.0	65	TCACAGACCTACGGGATGGCATGatwtcwgayatwTTTGATAAAAAAGAAAAAACTCTTCTACAG	TCACAGACCTACGGGATGGC	ATGatwtcwgayatw	TTTGATAAAAAAGAAAAAACTCTTCTACAG	50.7	23.3	30	rev_pkr_4-5-1	GCCATCCCGTAGGTCTGTGA	55.5	60.0	20
pkr_4-5-1_ATC503BTC	pkr_4-5-1	ATC	I	503	BTC	LVF	ATC503BTC	ATC503CTC ATC503GTC ATC503TTC	0.0	0.0	0.0	65	TCACAGACCTACGGGATGGCatwBTCtcwgayatwTTTGATAAAAAAGAAAAAACTCTTCTACAG	TCACAGACCTACGGGATGGC	atwBTCtcwgayatw	TTTGATAAAAAAGAAAAAACTCTTCTACAG	50.7	23.3	30	rev_pkr_4-5-1	GCCATCCCGTAGGTCTGTGA	55.5	60.0	20
pkr_4-5-1_ATC503AVC	pkr_4-5-1	ATC	I	503	AVC	NTS	ATC503AVC	ATC503AAC ATC503ACC ATC503AGC	0.0	0.0	0.0	65	TCACAGACCTACGGGATGGCatwAVCtcwgayatwTTTGATAAAAAAGAAAAAACTCTTCTACAG	TCACAGACCTACGGGATGGC	atwAVCtcwgayatw	TTTGATAAAAAAGAAAAAACTCTTCTACAG	50.7	23.3	30	rev_pkr_4-5-1	GCCATCCCGTAGGTCTGTGA	55.5	60.0	20
pkr_4-5-1_ATC503ATG	pkr_4-5-1	ATC	I	503	ATG	M	ATC503ATG	ATC503ATG	0.0	0.0	0.0	65	TCACAGACCTACGGGATGGCatwATGtcwgayatwTTTGATAAAAAAGAAAAAACTCTTCTACAG	TCACAGACCTACGGGATGGC	atwATGtcwgayatw	TTTGATAAAAAAGAAAAAACTCTTCTACAG	50.7	23.3	30	rev_pkr_4-5-1	GCCATCCCGTAGGTCTGTGA	55.5	60.0	20
pkr_4-5-1_TCA504VCA	pkr_4-5-1	TCA	S	504	VCA	TPA	TCA504VCA	TCA504ACA TCA504CCA TCA504GCA	0.0	1.0	1.0	65	TCACAGACCTACGGGATGGCatwatwVCAgayatwTTTGATAAAAAAGAAAAAACTCTTCTACAG	TCACAGACCTACGGGATGGC	atwatwVCAgayatw	TTTGATAAAAAAGAAAAAACTCTTCTACAG	50.7	23.3	30	rev_pkr_4-5-1	GCCATCCCGTAGGTCTGTGA	55.5	60.0	20
pkr_4-5-1_TCA504TTA	pkr_4-5-1	TCA	S	504	TTA	L	TCA504TTA	TCA504TTA	0.0	1.0	1.0	65	TCACAGACCTACGGGATGGCatwatwTTAgayatwTTTGATAAAAAAGAAAAAACTCTTCTACAG	TCACAGACCTACGGGATGGC	atwatwTTAgayatw	TTTGATAAAAAAGAAAAAACTCTTCTACAG	50.7	23.3	30	rev_pkr_4-5-1	GCCATCCCGTAGGTCTGTGA	55.5	60.0	20
pkr_4-5-1_GAT505HAT	pkr_4-5-1	GAT	D	505	HAT	NHY	GAT505HAT	GAT505AAT GAT505CAT GAT505TAT	0.0	0.0	0.0	65	TCACAGACCTACGGGATGGCatwatwtcwHATatwTTTGATAAAAAAGAAAAAACTCTTCTACAG	TCACAGACCTACGGGATGGC	atwatwtcwHATatw	TTTGATAAAAAAGAAAAAACTCTTCTACAG	50.7	23.3	30	rev_pkr_4-5-1	GCCATCCCGTAGGTCTGTGA	55.5	60.0	20
pkr_4-5-1_GAT505GBT	pkr_4-5-1	GAT	D	505	GBT	AGV	GAT505GBT	GAT505GCT GAT505GGT GAT505GTT	0.0	0.0	0.0	65	TCACAGACCTACGGGATGGCatwatwtcwGBTatwTTTGATAAAAAAGAAAAAACTCTTCTACAG	TCACAGACCTACGGGATGGC	atwatwtcwGBTatw	TTTGATAAAAAAGAAAAAACTCTTCTACAG	50.7	23.3	30	rev_pkr_4-5-1	GCCATCCCGTAGGTCTGTGA	55.5	60.0	20
pkr_4-5-1_GAT505GAA	pkr_4-5-1	GAT	D	505	GAA	E	GAT505GAA	GAT505GAA	0.0	0.0	0.0	65	TCACAGACCTACGGGATGGCatwatwtcwGAAatwTTTGATAAAAAAGAAAAAACTCTTCTACAG	TCACAGACCTACGGGATGGC	atwatwtcwGAAatw	TTTGATAAAAAAGAAAAAACTCTTCTACAG	50.7	23.3	30	rev_pkr_4-5-1	GCCATCCCGTAGGTCTGTGA	55.5	60.0	20
pkr_4-5-1_ATA506KTA	pkr_4-5-1	ATA	I	506	KTA	VL	ATA506KTA	ATA506GTA ATA506TTA	0.0	0.0	0.0	65	TCACAGACCTACGGGATGGCatwatwtcwgayKTATTTGATAAAAAAGAAAAAACTCTTCTACAG	TCACAGACCTACGGGATGGC	atwatwtcwgayKTA	TTTGATAAAAAAGAAAAAACTCTTCTACAG	50.7	23.3	30	rev_pkr_4-5-1	GCCATCCCGTAGGTCTGTGA	55.5	60.0	20
pkr_4-5-1_ATA506AVA	pkr_4-5-1	ATA	I	506	AVA	KTR	ATA506AVA	ATA506AAA ATA506ACA ATA506AGA	0.0	0.0	0.0	65	TCACAGACCTACGGGATGGCatwatwtcwgayAVATTTGATAAAAAAGAAAAAACTCTTCTACAG	TCACAGACCTACGGGATGGC	atwatwtcwgayAVA	TTTGATAAAAAAGAAAAAACTCTTCTACAG	50.7	23.3	30	rev_pkr_4-5-1	GCCATCCCGTAGGTCTGTGA	55.5	60.0	20
pkr_4-5-1_ATA506ATG	pkr_4-5-1	ATA	I	506	ATG	M	ATA506ATG	ATA506ATG	0.0	0.0	0.0	65	TCACAGACCTACGGGATGGCatwatwtcwgayATGTTTGATAAAAAAGAAAAAACTCTTCTACAG	TCACAGACCTACGGGATGGC	atwatwtcwgayATG	TTTGATAAAAAAGAAAAAACTCTTCTACAG	50.7	23.3	30	rev_pkr_4-5-1	GCCATCCCGTAGGTCTGTGA	55.5	60.0	20
