,protein,primer_name,wt_codon,site,doped_codon,nonsynonymous_codon,wt_aa,nonsynonymous_aa,nonsynonymous_mutation
937,pkr,pkr_1a-1_ACA255ADA,ACA,255,ADA,AAA,T,K,T255K
934,pkr,pkr_1a-1_ACA255BCA,ACA,255,BCA,CCA,T,P,T255P
935,pkr,pkr_1a-1_ACA255BCA,ACA,255,BCA,GCA,T,A,T255A
936,pkr,pkr_1a-1_ACA255BCA,ACA,255,BCA,TCA,T,S,T255S
939,pkr,pkr_1a-1_ACA255ADA,ACA,255,ADA,ATA,T,I,T255I
938,pkr,pkr_1a-1_ACA255ADA,ACA,255,ADA,AGA,T,R,T255R
940,pkr,pkr_1a-1_AAG256SAG,AAG,256,SAG,CAG,K,Q,K256Q
941,pkr,pkr_1a-1_AAG256SAG,AAG,256,SAG,GAG,K,E,K256E
942,pkr,pkr_1a-1_AAG256ABG,AAG,256,ABG,ACG,K,T,K256T
943,pkr,pkr_1a-1_AAG256ABG,AAG,256,ABG,AGG,K,R,K256R
944,pkr,pkr_1a-1_AAG256ABG,AAG,256,ABG,ATG,K,M,K256M
945,pkr,pkr_1a-1_AAG256AAT,AAG,256,AAT,AAT,K,N,K256N
946,pkr,pkr_1a-1_TAT257VAT,TAT,257,VAT,AAT,Y,N,Y257N
949,pkr,pkr_1a-1_TAT257TBT,TAT,257,TBT,TCT,Y,S,Y257S
948,pkr,pkr_1a-1_TAT257VAT,TAT,257,VAT,GAT,Y,D,Y257D
950,pkr,pkr_1a-1_TAT257TBT,TAT,257,TBT,TGT,Y,C,Y257C
951,pkr,pkr_1a-1_TAT257TBT,TAT,257,TBT,TTT,Y,F,Y257F
947,pkr,pkr_1a-1_TAT257VAT,TAT,257,VAT,CAT,Y,H,Y257H
952,pkr,pkr_1a-1_ACT258BCT,ACT,258,BCT,CCT,T,P,T258P
953,pkr,pkr_1a-1_ACT258BCT,ACT,258,BCT,GCT,T,A,T258A
954,pkr,pkr_1a-1_ACT258BCT,ACT,258,BCT,TCT,T,S,T258S
955,pkr,pkr_1a-1_ACT258AWT,ACT,258,AWT,AAT,T,N,T258N
956,pkr,pkr_1a-1_ACT258AWT,ACT,258,AWT,ATT,T,I,T258I
961,pkr,pkr_1a-1_GTG259GVG,GTG,259,GVG,GGG,V,G,V259G
960,pkr,pkr_1a-1_GTG259GVG,GTG,259,GVG,GCG,V,A,V259A
958,pkr,pkr_1a-1_GTG259WTG,GTG,259,WTG,TTG,V,L,V259L
959,pkr,pkr_1a-1_GTG259GVG,GTG,259,GVG,GAG,V,E,V259E
957,pkr,pkr_1a-1_GTG259WTG,GTG,259,WTG,ATG,V,M,V259M
663,pkr,pkr_1b-1_GAC260GAW,GAC,260,GAW,GAA,D,E,D260E
662,pkr,pkr_1b-1_GAC260GBC,GAC,260,GBC,GTC,D,V,D260V
661,pkr,pkr_1b-1_GAC260GBC,GAC,260,GBC,GGC,D,G,D260G
664,pkr,pkr_1b-1_GAC260GAW,GAC,260,GAW,GAT,D,D,D260D
660,pkr,pkr_1b-1_GAC260GBC,GAC,260,GBC,GCC,D,A,D260A
659,pkr,pkr_1b-1_GAC260HAC,GAC,260,HAC,TAC,D,Y,D260Y
658,pkr,pkr_1b-1_GAC260HAC,GAC,260,HAC,CAC,D,H,D260H
657,pkr,pkr_1b-1_GAC260HAC,GAC,260,HAC,AAC,D,N,D260N
665,pkr,pkr_1b-1_AAG261SAG,AAG,261,SAG,CAG,K,Q,K261Q
666,pkr,pkr_1b-1_AAG261SAG,AAG,261,SAG,GAG,K,E,K261E
667,pkr,pkr_1b-1_AAG261ABG,AAG,261,ABG,ACG,K,T,K261T
668,pkr,pkr_1b-1_AAG261ABG,AAG,261,ABG,AGG,K,R,K261R
669,pkr,pkr_1b-1_AAG261ABG,AAG,261,ABG,ATG,K,M,K261M
670,pkr,pkr_1b-1_AAG261AAT,AAG,261,AAT,AAT,K,N,K261N
671,pkr,pkr_1b-1_AGG262KGG,AGG,262,KGG,GGG,R,G,R262G
672,pkr,pkr_1b-1_AGG262KGG,AGG,262,KGG,TGG,R,W,R262W
674,pkr,pkr_1b-1_AGG262AHG,AGG,262,AHG,ACG,R,T,R262T
675,pkr,pkr_1b-1_AGG262AHG,AGG,262,AHG,ATG,R,M,R262M
676,pkr,pkr_1b-1_AGG262AGT,AGG,262,AGT,AGT,R,S,R262S
673,pkr,pkr_1b-1_AGG262AHG,AGG,262,AHG,AAG,R,K,R262K
677,pkr,pkr_1b-1_TTT263RTT,TTT,263,RTT,ATT,F,I,F263I
678,pkr,pkr_1b-1_TTT263RTT,TTT,263,RTT,GTT,F,V,F263V
679,pkr,pkr_1b-1_TTT263TVT,TTT,263,TVT,TAT,F,Y,F263Y
680,pkr,pkr_1b-1_TTT263TVT,TTT,263,TVT,TCT,F,S,F263S
681,pkr,pkr_1b-1_TTT263TVT,TTT,263,TVT,TGT,F,C,F263C
682,pkr,pkr_1b-1_TTT263TTG,TTT,263,TTG,TTG,F,L,F263L
683,pkr,pkr_1b-1_GGC264HGC,GGC,264,HGC,AGC,G,S,G264S
684,pkr,pkr_1b-1_GGC264HGC,GGC,264,HGC,CGC,G,R,G264R
685,pkr,pkr_1b-1_GGC264HGC,GGC,264,HGC,TGC,G,C,G264C
687,pkr,pkr_1b-1_GGC264GHC,GGC,264,GHC,GCC,G,A,G264A
688,pkr,pkr_1b-1_GGC264GHC,GGC,264,GHC,GTC,G,V,G264V
689,pkr,pkr_1b-1_GGC264GGT,GGC,264,GGT,GGT,G,G,G264G
686,pkr,pkr_1b-1_GGC264GHC,GGC,264,GHC,GAC,G,D,G264D
0,pkr,pkr_1c-1_ATG265KTG,ATG,265,KTG,GTG,M,V,M265V
2,pkr,pkr_1c-1_ATG265AVG,ATG,265,AVG,AAG,M,K,M265K
3,pkr,pkr_1c-1_ATG265AVG,ATG,265,AVG,ACG,M,T,M265T
4,pkr,pkr_1c-1_ATG265AVG,ATG,265,AVG,AGG,M,R,M265R
5,pkr,pkr_1c-1_ATG265ATT,ATG,265,ATT,ATT,M,I,M265I
1,pkr,pkr_1c-1_ATG265KTG,ATG,265,KTG,TTG,M,L,M265L
7,pkr,pkr_1c-1_GAT266HAT,GAT,266,HAT,CAT,D,H,D266H
9,pkr,pkr_1c-1_GAT266GBT,GAT,266,GBT,GCT,D,A,D266A
10,pkr,pkr_1c-1_GAT266GBT,GAT,266,GBT,GGT,D,G,D266G
11,pkr,pkr_1c-1_GAT266GBT,GAT,266,GBT,GTT,D,V,D266V
12,pkr,pkr_1c-1_GAT266GAA,GAT,266,GAA,GAA,D,E,D266E
8,pkr,pkr_1c-1_GAT266HAT,GAT,266,HAT,TAT,D,Y,D266Y
6,pkr,pkr_1c-1_GAT266HAT,GAT,266,HAT,AAT,D,N,D266N
17,pkr,pkr_1c-1_TTT267TVT,TTT,267,TVT,TGT,F,C,F267C
18,pkr,pkr_1c-1_TTT267TTG,TTT,267,TTG,TTG,F,L,F267L
15,pkr,pkr_1c-1_TTT267TVT,TTT,267,TVT,TAT,F,Y,F267Y
14,pkr,pkr_1c-1_TTT267RTT,TTT,267,RTT,GTT,F,V,F267V
13,pkr,pkr_1c-1_TTT267RTT,TTT,267,RTT,ATT,F,I,F267I
16,pkr,pkr_1c-1_TTT267TVT,TTT,267,TVT,TCT,F,S,F267S
19,pkr,pkr_1c-1_AAA268SAA,AAA,268,SAA,CAA,K,Q,K268Q
20,pkr,pkr_1c-1_AAA268SAA,AAA,268,SAA,GAA,K,E,K268E
21,pkr,pkr_1c-1_AAA268ABA,AAA,268,ABA,ACA,K,T,K268T
22,pkr,pkr_1c-1_AAA268ABA,AAA,268,ABA,AGA,K,R,K268R
23,pkr,pkr_1c-1_AAA268ABA,AAA,268,ABA,ATA,K,I,K268I
24,pkr,pkr_1c-1_AAA268AAT,AAA,268,AAT,AAT,K,N,K268N
25,pkr,pkr_1c-1_GAA269MAA,GAA,269,MAA,AAA,E,K,E269K
26,pkr,pkr_1c-1_GAA269MAA,GAA,269,MAA,CAA,E,Q,E269Q
27,pkr,pkr_1c-1_GAA269GBA,GAA,269,GBA,GCA,E,A,E269A
28,pkr,pkr_1c-1_GAA269GBA,GAA,269,GBA,GGA,E,G,E269G
30,pkr,pkr_1c-1_GAA269GAT,GAA,269,GAT,GAT,E,D,E269D
29,pkr,pkr_1c-1_GAA269GBA,GAA,269,GBA,GTA,E,V,E269V
32,pkr,pkr_1d-1_ATA270KTA,ATA,270,KTA,TTA,I,L,I270L
31,pkr,pkr_1d-1_ATA270KTA,ATA,270,KTA,GTA,I,V,I270V
36,pkr,pkr_1d-1_ATA270ATG,ATA,270,ATG,ATG,I,M,I270M
33,pkr,pkr_1d-1_ATA270AVA,ATA,270,AVA,AAA,I,K,I270K
35,pkr,pkr_1d-1_ATA270AVA,ATA,270,AVA,AGA,I,R,I270R
34,pkr,pkr_1d-1_ATA270AVA,ATA,270,AVA,ACA,I,T,I270T
37,pkr,pkr_1d-1_GAA271MAA,GAA,271,MAA,AAA,E,K,E271K
38,pkr,pkr_1d-1_GAA271MAA,GAA,271,MAA,CAA,E,Q,E271Q
39,pkr,pkr_1d-1_GAA271GBA,GAA,271,GBA,GCA,E,A,E271A
40,pkr,pkr_1d-1_GAA271GBA,GAA,271,GBA,GGA,E,G,E271G
41,pkr,pkr_1d-1_GAA271GBA,GAA,271,GBA,GTA,E,V,E271V
42,pkr,pkr_1d-1_GAA271GAT,GAA,271,GAT,GAT,E,D,E271D
46,pkr,pkr_1d-1_TTA272TTT,TTA,272,TTT,TTT,L,F,L272F
43,pkr,pkr_1d-1_TTA272RTA,TTA,272,RTA,ATA,L,I,L272I
45,pkr,pkr_1d-1_TTA272TCA,TTA,272,TCA,TCA,L,S,L272S
44,pkr,pkr_1d-1_TTA272RTA,TTA,272,RTA,GTA,L,V,L272V
47,pkr,pkr_1d-1_ATT273BTT,ATT,273,BTT,CTT,I,L,I273L
48,pkr,pkr_1d-1_ATT273BTT,ATT,273,BTT,GTT,I,V,I273V
49,pkr,pkr_1d-1_ATT273BTT,ATT,273,BTT,TTT,I,F,I273F
50,pkr,pkr_1d-1_ATT273AVT,ATT,273,AVT,AAT,I,N,I273N
51,pkr,pkr_1d-1_ATT273AVT,ATT,273,AVT,ACT,I,T,I273T
52,pkr,pkr_1d-1_ATT273AVT,ATT,273,AVT,AGT,I,S,I273S
53,pkr,pkr_1d-1_ATT273ATG,ATT,273,ATG,ATG,I,M,I273M
59,pkr,pkr_1d-1_GGC274GHC,GGC,274,GHC,GTC,G,V,G274V
54,pkr,pkr_1d-1_GGC274HGC,GGC,274,HGC,AGC,G,S,G274S
55,pkr,pkr_1d-1_GGC274HGC,GGC,274,HGC,CGC,G,R,G274R
56,pkr,pkr_1d-1_GGC274HGC,GGC,274,HGC,TGC,G,C,G274C
57,pkr,pkr_1d-1_GGC274GHC,GGC,274,GHC,GAC,G,D,G274D
58,pkr,pkr_1d-1_GGC274GHC,GGC,274,GHC,GCC,G,A,G274A
61,pkr,pkr_1e-1_TCA275VCA,TCA,275,VCA,CCA,S,P,S275P
60,pkr,pkr_1e-1_TCA275VCA,TCA,275,VCA,ACA,S,T,S275T
62,pkr,pkr_1e-1_TCA275VCA,TCA,275,VCA,GCA,S,A,S275A
64,pkr,pkr_1e-1_TCA275TWA,TCA,275,TWA,TTA,S,L,S275L
63,pkr,pkr_1e-1_TCA275TWA,TCA,275,TWA,TAA,S,*,S275*
70,pkr,pkr_1e-1_GGT276GHT,GGT,276,GHT,GTT,G,V,G276V
69,pkr,pkr_1e-1_GGT276GHT,GGT,276,GHT,GCT,G,A,G276A
68,pkr,pkr_1e-1_GGT276GHT,GGT,276,GHT,GAT,G,D,G276D
67,pkr,pkr_1e-1_GGT276HGT,GGT,276,HGT,TGT,G,C,G276C
66,pkr,pkr_1e-1_GGT276HGT,GGT,276,HGT,CGT,G,R,G276R
65,pkr,pkr_1e-1_GGT276HGT,GGT,276,HGT,AGT,G,S,G276S
73,pkr,pkr_1e-1_GGA277GHA,GGA,277,GHA,GCA,G,A,G277A
72,pkr,pkr_1e-1_GGA277GHA,GGA,277,GHA,GAA,G,E,G277E
71,pkr,pkr_1e-1_GGA277AGA,GGA,277,AGA,AGA,G,R,G277R
74,pkr,pkr_1e-1_GGA277GHA,GGA,277,GHA,GTA,G,V,G277V
76,pkr,pkr_1e-1_TTT278RTT,TTT,278,RTT,GTT,F,V,F278V
77,pkr,pkr_1e-1_TTT278TVT,TTT,278,TVT,TAT,F,Y,F278Y
78,pkr,pkr_1e-1_TTT278TVT,TTT,278,TVT,TCT,F,S,F278S
79,pkr,pkr_1e-1_TTT278TVT,TTT,278,TVT,TGT,F,C,F278C
80,pkr,pkr_1e-1_TTT278TTG,TTT,278,TTG,TTG,F,L,F278L
75,pkr,pkr_1e-1_TTT278RTT,TTT,278,RTT,ATT,F,I,F278I
83,pkr,pkr_2a-1_AAA371ABA,AAA,371,ABA,ACA,K,T,K371T
81,pkr,pkr_2a-1_AAA371SAA,AAA,371,SAA,CAA,K,Q,K371Q
82,pkr,pkr_2a-1_AAA371SAA,AAA,371,SAA,GAA,K,E,K371E
84,pkr,pkr_2a-1_AAA371ABA,AAA,371,ABA,AGA,K,R,K371R
85,pkr,pkr_2a-1_AAA371ABA,AAA,371,ABA,ATA,K,I,K371I
86,pkr,pkr_2a-1_AAA371AAK,AAA,371,AAK,AAG,K,K,K371K
87,pkr,pkr_2a-1_AAA371AAK,AAA,371,AAK,AAT,K,N,K371N
88,pkr,pkr_2a-1_GGG372WGG,GGG,372,WGG,AGG,G,R,G372R
89,pkr,pkr_2a-1_GGG372WGG,GGG,372,WGG,TGG,G,W,G372W
91,pkr,pkr_2a-1_GGG372GHG,GGG,372,GHG,GCG,G,A,G372A
92,pkr,pkr_2a-1_GGG372GHG,GGG,372,GHG,GTG,G,V,G372V
90,pkr,pkr_2a-1_GGG372GHG,GGG,372,GHG,GAG,G,E,G372E
93,pkr,pkr_2a-1_ACC373BCC,ACC,373,BCC,CCC,T,P,T373P
94,pkr,pkr_2a-1_ACC373BCC,ACC,373,BCC,GCC,T,A,T373A
95,pkr,pkr_2a-1_ACC373BCC,ACC,373,BCC,TCC,T,S,T373S
96,pkr,pkr_2a-1_ACC373AWC,ACC,373,AWC,AAC,T,N,T373N
97,pkr,pkr_2a-1_ACC373AWC,ACC,373,AWC,ATC,T,I,T373I
101,pkr,pkr_2a-1_TTG374TSG,TTG,374,TSG,TGG,L,W,L374W
100,pkr,pkr_2a-1_TTG374TSG,TTG,374,TSG,TCG,L,S,L374S
102,pkr,pkr_2a-1_TTG374TTT,TTG,374,TTT,TTT,L,F,L374F
98,pkr,pkr_2a-1_TTG374RTG,TTG,374,RTG,ATG,L,M,L374M
99,pkr,pkr_2a-1_TTG374RTG,TTG,374,RTG,GTG,L,V,L374V
105,pkr,pkr_2a-1_GAA375GBA,GAA,375,GBA,GCA,E,A,E375A
106,pkr,pkr_2a-1_GAA375GBA,GAA,375,GBA,GGA,E,G,E375G
107,pkr,pkr_2a-1_GAA375GBA,GAA,375,GBA,GTA,E,V,E375V
103,pkr,pkr_2a-1_GAA375MAA,GAA,375,MAA,AAA,E,K,E375K
108,pkr,pkr_2a-1_GAA375GAT,GAA,375,GAT,GAT,E,D,E375D
104,pkr,pkr_2a-1_GAA375MAA,GAA,375,MAA,CAA,E,Q,E375Q
109,pkr,pkr_2b-1_CAA376DAA,CAA,376,DAA,AAA,Q,K,Q376K
115,pkr,pkr_2b-1_CAA376CAT,CAA,376,CAT,CAT,Q,H,Q376H
114,pkr,pkr_2b-1_CAA376CBA,CAA,376,CBA,CTA,Q,L,Q376L
113,pkr,pkr_2b-1_CAA376CBA,CAA,376,CBA,CGA,Q,R,Q376R
112,pkr,pkr_2b-1_CAA376CBA,CAA,376,CBA,CCA,Q,P,Q376P
110,pkr,pkr_2b-1_CAA376DAA,CAA,376,DAA,GAA,Q,E,Q376E
111,pkr,pkr_2b-1_CAA376DAA,CAA,376,DAA,TAA,Q,*,Q376*
116,pkr,pkr_2b-1_TGG377RGG,TGG,377,RGG,AGG,W,R,W377R
117,pkr,pkr_2b-1_TGG377RGG,TGG,377,RGG,GGG,W,G,W377G
118,pkr,pkr_2b-1_TGG377TYG,TGG,377,TYG,TCG,W,S,W377S
119,pkr,pkr_2b-1_TGG377TYG,TGG,377,TYG,TTG,W,L,W377L
120,pkr,pkr_2b-1_TGG377TGC,TGG,377,TGC,TGC,W,C,W377C
122,pkr,pkr_2b-1_ATT378BTT,ATT,378,BTT,GTT,I,V,I378V
125,pkr,pkr_2b-1_ATT378AVT,ATT,378,AVT,ACT,I,T,I378T
126,pkr,pkr_2b-1_ATT378AVT,ATT,378,AVT,AGT,I,S,I378S
127,pkr,pkr_2b-1_ATT378ATG,ATT,378,ATG,ATG,I,M,I378M
121,pkr,pkr_2b-1_ATT378BTT,ATT,378,BTT,CTT,I,L,I378L
123,pkr,pkr_2b-1_ATT378BTT,ATT,378,BTT,TTT,I,F,I378F
124,pkr,pkr_2b-1_ATT378AVT,ATT,378,AVT,AAT,I,N,I378N
128,pkr,pkr_2b-1_GAA379MAA,GAA,379,MAA,AAA,E,K,E379K
129,pkr,pkr_2b-1_GAA379MAA,GAA,379,MAA,CAA,E,Q,E379Q
130,pkr,pkr_2b-1_GAA379GBA,GAA,379,GBA,GCA,E,A,E379A
131,pkr,pkr_2b-1_GAA379GBA,GAA,379,GBA,GGA,E,G,E379G
132,pkr,pkr_2b-1_GAA379GBA,GAA,379,GBA,GTA,E,V,E379V
133,pkr,pkr_2b-1_GAA379GAT,GAA,379,GAT,GAT,E,D,E379D
134,pkr,pkr_2b-1_AAA380SAA,AAA,380,SAA,CAA,K,Q,K380Q
135,pkr,pkr_2b-1_AAA380SAA,AAA,380,SAA,GAA,K,E,K380E
136,pkr,pkr_2b-1_AAA380ABA,AAA,380,ABA,ACA,K,T,K380T
137,pkr,pkr_2b-1_AAA380ABA,AAA,380,ABA,AGA,K,R,K380R
138,pkr,pkr_2b-1_AAA380ABA,AAA,380,ABA,ATA,K,I,K380I
139,pkr,pkr_2b-1_AAA380AAT,AAA,380,AAT,AAT,K,N,K380N
140,pkr,pkr_2c-1_AGA381GGA,AGA,381,GGA,GGA,R,G,R381G
141,pkr,pkr_2c-1_AGA381AHA,AGA,381,AHA,AAA,R,K,R381K
142,pkr,pkr_2c-1_AGA381AHA,AGA,381,AHA,ACA,R,T,R381T
143,pkr,pkr_2c-1_AGA381AHA,AGA,381,AHA,ATA,R,I,R381I
144,pkr,pkr_2c-1_AGA381AGT,AGA,381,AGT,AGT,R,S,R381S
148,pkr,pkr_2c-1_AGA382AHA,AGA,382,AHA,ATA,R,I,R382I
147,pkr,pkr_2c-1_AGA382AHA,AGA,382,AHA,ACA,R,T,R382T
146,pkr,pkr_2c-1_AGA382AHA,AGA,382,AHA,AAA,R,K,R382K
149,pkr,pkr_2c-1_AGA382AGT,AGA,382,AGT,AGT,R,S,R382S
145,pkr,pkr_2c-1_AGA382GGA,AGA,382,GGA,GGA,R,G,R382G
150,pkr,pkr_2c-1_GGC383HGC,GGC,383,HGC,AGC,G,S,G383S
153,pkr,pkr_2c-1_GGC383GHC,GGC,383,GHC,GAC,G,D,G383D
152,pkr,pkr_2c-1_GGC383HGC,GGC,383,HGC,TGC,G,C,G383C
155,pkr,pkr_2c-1_GGC383GHC,GGC,383,GHC,GTC,G,V,G383V
151,pkr,pkr_2c-1_GGC383HGC,GGC,383,HGC,CGC,G,R,G383R
154,pkr,pkr_2c-1_GGC383GHC,GGC,383,GHC,GCC,G,A,G383A
156,pkr,pkr_2c-1_GAG384MAG,GAG,384,MAG,AAG,E,K,E384K
157,pkr,pkr_2c-1_GAG384MAG,GAG,384,MAG,CAG,E,Q,E384Q
158,pkr,pkr_2c-1_GAG384GBG,GAG,384,GBG,GCG,E,A,E384A
159,pkr,pkr_2c-1_GAG384GBG,GAG,384,GBG,GGG,E,G,E384G
160,pkr,pkr_2c-1_GAG384GBG,GAG,384,GBG,GTG,E,V,E384V
161,pkr,pkr_2c-1_GAG384GAT,GAG,384,GAT,GAT,E,D,E384D
166,pkr,pkr_2c-1_AAA385ABA,AAA,385,ABA,ATA,K,I,K385I
162,pkr,pkr_2c-1_AAA385SAA,AAA,385,SAA,CAA,K,Q,K385Q
163,pkr,pkr_2c-1_AAA385SAA,AAA,385,SAA,GAA,K,E,K385E
164,pkr,pkr_2c-1_AAA385ABA,AAA,385,ABA,ACA,K,T,K385T
165,pkr,pkr_2c-1_AAA385ABA,AAA,385,ABA,AGA,K,R,K385R
167,pkr,pkr_2c-1_AAA385AAT,AAA,385,AAT,AAT,K,N,K385N
172,pkr,pkr_3a-1_AGT448AHT,AGT,448,AHT,ATT,S,I,S448I
168,pkr,pkr_3a-1_AGT448KGT,AGT,448,KGT,GGT,S,G,S448G
169,pkr,pkr_3a-1_AGT448KGT,AGT,448,KGT,TGT,S,C,S448C
170,pkr,pkr_3a-1_AGT448AHT,AGT,448,AHT,AAT,S,N,S448N
171,pkr,pkr_3a-1_AGT448AHT,AGT,448,AHT,ACT,S,T,S448T
173,pkr,pkr_3a-1_AGT448AGA,AGT,448,AGA,AGA,S,R,S448R
179,pkr,pkr_3a-1_AAG449AAT,AAG,449,AAT,AAT,K,N,K449N
176,pkr,pkr_3a-1_AAG449ABG,AAG,449,ABG,ACG,K,T,K449T
178,pkr,pkr_3a-1_AAG449ABG,AAG,449,ABG,ATG,K,M,K449M
174,pkr,pkr_3a-1_AAG449SAG,AAG,449,SAG,CAG,K,Q,K449Q
175,pkr,pkr_3a-1_AAG449SAG,AAG,449,SAG,GAG,K,E,K449E
177,pkr,pkr_3a-1_AAG449ABG,AAG,449,ABG,AGG,K,R,K449R
180,pkr,pkr_3a-1_GGA450AGA,GGA,450,AGA,AGA,G,R,G450R
181,pkr,pkr_3a-1_GGA450GHA,GGA,450,GHA,GAA,G,E,G450E
182,pkr,pkr_3a-1_GGA450GHA,GGA,450,GHA,GCA,G,A,G450A
183,pkr,pkr_3a-1_GGA450GHA,GGA,450,GHA,GTA,G,V,G450V
184,pkr,pkr_3a-1_ACT451BCT,ACT,451,BCT,CCT,T,P,T451P
185,pkr,pkr_3a-1_ACT451BCT,ACT,451,BCT,GCT,T,A,T451A
187,pkr,pkr_3a-1_ACT451AWT,ACT,451,AWT,AAT,T,N,T451N
188,pkr,pkr_3a-1_ACT451AWT,ACT,451,AWT,ATT,T,I,T451I
186,pkr,pkr_3a-1_ACT451BCT,ACT,451,BCT,TCT,T,S,T451S
414,pkr,pkr_3b-1_TTG452RTG,TTG,452,RTG,ATG,L,M,L452M
415,pkr,pkr_3b-1_TTG452RTG,TTG,452,RTG,GTG,L,V,L452V
416,pkr,pkr_3b-1_TTG452TSG,TTG,452,TSG,TCG,L,S,L452S
417,pkr,pkr_3b-1_TTG452TSG,TTG,452,TSG,TGG,L,W,L452W
418,pkr,pkr_3b-1_TTG452TTT,TTG,452,TTT,TTT,L,F,L452F
422,pkr,pkr_3b-1_CGA453CHA,CGA,453,CHA,CCA,R,P,R453P
419,pkr,pkr_3b-1_CGA453KGA,CGA,453,KGA,GGA,R,G,R453G
420,pkr,pkr_3b-1_CGA453KGA,CGA,453,KGA,TGA,R,*,R453*
421,pkr,pkr_3b-1_CGA453CHA,CGA,453,CHA,CAA,R,Q,R453Q
423,pkr,pkr_3b-1_CGA453CHA,CGA,453,CHA,CTA,R,L,R453L
424,pkr,pkr_3b-1_TAC454VAC,TAC,454,VAC,AAC,Y,N,Y454N
425,pkr,pkr_3b-1_TAC454VAC,TAC,454,VAC,CAC,Y,H,Y454H
426,pkr,pkr_3b-1_TAC454VAC,TAC,454,VAC,GAC,Y,D,Y454D
427,pkr,pkr_3b-1_TAC454TBC,TAC,454,TBC,TCC,Y,S,Y454S
428,pkr,pkr_3b-1_TAC454TBC,TAC,454,TBC,TGC,Y,C,Y454C
429,pkr,pkr_3b-1_TAC454TBC,TAC,454,TBC,TTC,Y,F,Y454F
430,pkr,pkr_3b-1_ATG455KTG,ATG,455,KTG,GTG,M,V,M455V
431,pkr,pkr_3b-1_ATG455KTG,ATG,455,KTG,TTG,M,L,M455L
432,pkr,pkr_3b-1_ATG455AVG,ATG,455,AVG,AAG,M,K,M455K
433,pkr,pkr_3b-1_ATG455AVG,ATG,455,AVG,ACG,M,T,M455T
435,pkr,pkr_3b-1_ATG455ATT,ATG,455,ATT,ATT,M,I,M455I
434,pkr,pkr_3b-1_ATG455AVG,ATG,455,AVG,AGG,M,R,M455R
442,pkr,pkr_4a-1_GAA480GAT,GAA,480,GAT,GAT,E,D,E480D
436,pkr,pkr_4a-1_GAA480HAA,GAA,480,HAA,AAA,E,K,E480K
437,pkr,pkr_4a-1_GAA480HAA,GAA,480,HAA,CAA,E,Q,E480Q
438,pkr,pkr_4a-1_GAA480HAA,GAA,480,HAA,TAA,E,*,E480*
439,pkr,pkr_4a-1_GAA480GBA,GAA,480,GBA,GCA,E,A,E480A
440,pkr,pkr_4a-1_GAA480GBA,GAA,480,GBA,GGA,E,G,E480G
441,pkr,pkr_4a-1_GAA480GBA,GAA,480,GBA,GTA,E,V,E480V
443,pkr,pkr_4a-1_CTT481DTT,CTT,481,DTT,ATT,L,I,L481I
444,pkr,pkr_4a-1_CTT481DTT,CTT,481,DTT,GTT,L,V,L481V
445,pkr,pkr_4a-1_CTT481DTT,CTT,481,DTT,TTT,L,F,L481F
446,pkr,pkr_4a-1_CTT481CVT,CTT,481,CVT,CAT,L,H,L481H
447,pkr,pkr_4a-1_CTT481CVT,CTT,481,CVT,CCT,L,P,L481P
448,pkr,pkr_4a-1_CTT481CVT,CTT,481,CVT,CGT,L,R,L481R
452,pkr,pkr_4a-1_CTT482CVT,CTT,482,CVT,CAT,L,H,L482H
454,pkr,pkr_4a-1_CTT482CVT,CTT,482,CVT,CGT,L,R,L482R
453,pkr,pkr_4a-1_CTT482CVT,CTT,482,CVT,CCT,L,P,L482P
449,pkr,pkr_4a-1_CTT482DTT,CTT,482,DTT,ATT,L,I,L482I
450,pkr,pkr_4a-1_CTT482DTT,CTT,482,DTT,GTT,L,V,L482V
451,pkr,pkr_4a-1_CTT482DTT,CTT,482,DTT,TTT,L,F,L482F
455,pkr,pkr_4a-1_CAT483DAT,CAT,483,DAT,AAT,H,N,H483N
456,pkr,pkr_4a-1_CAT483DAT,CAT,483,DAT,GAT,H,D,H483D
457,pkr,pkr_4a-1_CAT483DAT,CAT,483,DAT,TAT,H,Y,H483Y
458,pkr,pkr_4a-1_CAT483CBT,CAT,483,CBT,CCT,H,P,H483P
459,pkr,pkr_4a-1_CAT483CBT,CAT,483,CBT,CGT,H,R,H483R
460,pkr,pkr_4a-1_CAT483CBT,CAT,483,CBT,CTT,H,L,H483L
461,pkr,pkr_4a-1_CAT483CAA,CAT,483,CAA,CAA,H,Q,H483Q
466,pkr,pkr_4a-1_GTA484GVA,GTA,484,GVA,GGA,V,G,V484G
464,pkr,pkr_4a-1_GTA484GVA,GTA,484,GVA,GAA,V,E,V484E
463,pkr,pkr_4a-1_GTA484WTA,GTA,484,WTA,TTA,V,L,V484L
465,pkr,pkr_4a-1_GTA484GVA,GTA,484,GVA,GCA,V,A,V484A
462,pkr,pkr_4a-1_GTA484WTA,GTA,484,WTA,ATA,V,I,V484I
467,pkr,pkr_4a-1_GTA484GTT,GTA,484,GTT,GTT,V,V,V484V
471,pkr,pkr_4a-1_TGT485THT,TGT,485,THT,TCT,C,S,C485S
472,pkr,pkr_4a-1_TGT485THT,TGT,485,THT,TTT,C,F,C485F
470,pkr,pkr_4a-1_TGT485THT,TGT,485,THT,TAT,C,Y,C485Y
473,pkr,pkr_4a-1_TGT485TGG,TGT,485,TGG,TGG,C,W,C485W
468,pkr,pkr_4a-1_TGT485SGT,TGT,485,SGT,CGT,C,R,C485R
469,pkr,pkr_4a-1_TGT485SGT,TGT,485,SGT,GGT,C,G,C485G
478,pkr,pkr_4b-1_GAC486GBC,GAC,486,GBC,GGC,D,G,D486G
479,pkr,pkr_4b-1_GAC486GBC,GAC,486,GBC,GTC,D,V,D486V
480,pkr,pkr_4b-1_GAC486GAA,GAC,486,GAA,GAA,D,E,D486E
476,pkr,pkr_4b-1_GAC486HAC,GAC,486,HAC,TAC,D,Y,D486Y
477,pkr,pkr_4b-1_GAC486GBC,GAC,486,GBC,GCC,D,A,D486A
474,pkr,pkr_4b-1_GAC486HAC,GAC,486,HAC,AAC,D,N,D486N
475,pkr,pkr_4b-1_GAC486HAC,GAC,486,HAC,CAC,D,H,D486H
481,pkr,pkr_4b-1_ACT487BCT,ACT,487,BCT,CCT,T,P,T487P
482,pkr,pkr_4b-1_ACT487BCT,ACT,487,BCT,GCT,T,A,T487A
483,pkr,pkr_4b-1_ACT487BCT,ACT,487,BCT,TCT,T,S,T487S
484,pkr,pkr_4b-1_ACT487AWT,ACT,487,AWT,AAT,T,N,T487N
485,pkr,pkr_4b-1_ACT487AWT,ACT,487,AWT,ATT,T,I,T487I
486,pkr,pkr_4b-1_GCT488HCT,GCT,488,HCT,ACT,A,T,A488T
489,pkr,pkr_4b-1_GCT488GDT,GCT,488,GDT,GAT,A,D,A488D
487,pkr,pkr_4b-1_GCT488HCT,GCT,488,HCT,CCT,A,P,A488P
488,pkr,pkr_4b-1_GCT488HCT,GCT,488,HCT,TCT,A,S,A488S
490,pkr,pkr_4b-1_GCT488GDT,GCT,488,GDT,GGT,A,G,A488G
491,pkr,pkr_4b-1_GCT488GDT,GCT,488,GDT,GTT,A,V,A488V
492,pkr,pkr_4b-1_TTT489RTT,TTT,489,RTT,ATT,F,I,F489I
493,pkr,pkr_4b-1_TTT489RTT,TTT,489,RTT,GTT,F,V,F489V
497,pkr,pkr_4b-1_TTT489TTG,TTT,489,TTG,TTG,F,L,F489L
494,pkr,pkr_4b-1_TTT489TVT,TTT,489,TVT,TAT,F,Y,F489Y
496,pkr,pkr_4b-1_TTT489TVT,TTT,489,TVT,TGT,F,C,F489C
495,pkr,pkr_4b-1_TTT489TVT,TTT,489,TVT,TCT,F,S,F489S
498,pkr,pkr_4b-1_GAA490MAA,GAA,490,MAA,AAA,E,K,E490K
502,pkr,pkr_4b-1_GAA490GBA,GAA,490,GBA,GTA,E,V,E490V
503,pkr,pkr_4b-1_GAA490GAT,GAA,490,GAT,GAT,E,D,E490D
501,pkr,pkr_4b-1_GAA490GBA,GAA,490,GBA,GGA,E,G,E490G
500,pkr,pkr_4b-1_GAA490GBA,GAA,490,GBA,GCA,E,A,E490A
499,pkr,pkr_4b-1_GAA490MAA,GAA,490,MAA,CAA,E,Q,E490Q
509,pkr,pkr_4b-1_ACA491ADA,ACA,491,ADA,ATA,T,I,T491I
508,pkr,pkr_4b-1_ACA491ADA,ACA,491,ADA,AGA,T,R,T491R
507,pkr,pkr_4b-1_ACA491ADA,ACA,491,ADA,AAA,T,K,T491K
506,pkr,pkr_4b-1_ACA491BCA,ACA,491,BCA,TCA,T,S,T491S
505,pkr,pkr_4b-1_ACA491BCA,ACA,491,BCA,GCA,T,A,T491A
504,pkr,pkr_4b-1_ACA491BCA,ACA,491,BCA,CCA,T,P,T491P
510,pkr,pkr_4c-1_TCA492VCA,TCA,492,VCA,ACA,S,T,S492T
513,pkr,pkr_4c-1_TCA492TTA,TCA,492,TTA,TTA,S,L,S492L
511,pkr,pkr_4c-1_TCA492VCA,TCA,492,VCA,CCA,S,P,S492P
512,pkr,pkr_4c-1_TCA492VCA,TCA,492,VCA,GCA,S,A,S492A
515,pkr,pkr_4c-1_AAG493SAG,AAG,493,SAG,GAG,K,E,K493E
516,pkr,pkr_4c-1_AAG493ABG,AAG,493,ABG,ACG,K,T,K493T
519,pkr,pkr_4c-1_AAG493AAT,AAG,493,AAT,AAT,K,N,K493N
514,pkr,pkr_4c-1_AAG493SAG,AAG,493,SAG,CAG,K,Q,K493Q
518,pkr,pkr_4c-1_AAG493ABG,AAG,493,ABG,ATG,K,M,K493M
517,pkr,pkr_4c-1_AAG493ABG,AAG,493,ABG,AGG,K,R,K493R
524,pkr,pkr_4c-1_TTT494TVT,TTT,494,TVT,TGT,F,C,F494C
520,pkr,pkr_4c-1_TTT494RTT,TTT,494,RTT,ATT,F,I,F494I
521,pkr,pkr_4c-1_TTT494RTT,TTT,494,RTT,GTT,F,V,F494V
522,pkr,pkr_4c-1_TTT494TVT,TTT,494,TVT,TAT,F,Y,F494Y
523,pkr,pkr_4c-1_TTT494TVT,TTT,494,TVT,TCT,F,S,F494S
525,pkr,pkr_4c-1_TTT494TTG,TTT,494,TTG,TTG,F,L,F494L
526,pkr,pkr_4c-1_TTC495RTC,TTC,495,RTC,ATC,F,I,F495I
527,pkr,pkr_4c-1_TTC495RTC,TTC,495,RTC,GTC,F,V,F495V
529,pkr,pkr_4c-1_TTC495TVC,TTC,495,TVC,TCC,F,S,F495S
530,pkr,pkr_4c-1_TTC495TVC,TTC,495,TVC,TGC,F,C,F495C
531,pkr,pkr_4c-1_TTC495TTG,TTC,495,TTG,TTG,F,L,F495L
528,pkr,pkr_4c-1_TTC495TVC,TTC,495,TVC,TAC,F,Y,F495Y
536,pkr,pkr_4c-1_ACA496ADA,ACA,496,ADA,AGA,T,R,T496R
532,pkr,pkr_4c-1_ACA496BCA,ACA,496,BCA,CCA,T,P,T496P
533,pkr,pkr_4c-1_ACA496BCA,ACA,496,BCA,GCA,T,A,T496A
534,pkr,pkr_4c-1_ACA496BCA,ACA,496,BCA,TCA,T,S,T496S
535,pkr,pkr_4c-1_ACA496ADA,ACA,496,ADA,AAA,T,K,T496K
537,pkr,pkr_4c-1_ACA496ADA,ACA,496,ADA,ATA,T,I,T496I
695,pkr,pkr_4d-1_GAC497GBC,GAC,497,GBC,GTC,D,V,D497V
694,pkr,pkr_4d-1_GAC497GBC,GAC,497,GBC,GGC,D,G,D497G
693,pkr,pkr_4d-1_GAC497GBC,GAC,497,GBC,GCC,D,A,D497A
692,pkr,pkr_4d-1_GAC497HAC,GAC,497,HAC,TAC,D,Y,D497Y
691,pkr,pkr_4d-1_GAC497HAC,GAC,497,HAC,CAC,D,H,D497H
690,pkr,pkr_4d-1_GAC497HAC,GAC,497,HAC,AAC,D,N,D497N
696,pkr,pkr_4d-1_GAC497GAA,GAC,497,GAA,GAA,D,E,D497E
697,pkr,pkr_4d-1_CTA498RTA,CTA,498,RTA,ATA,L,I,L498I
698,pkr,pkr_4d-1_CTA498RTA,CTA,498,RTA,GTA,L,V,L498V
699,pkr,pkr_4d-1_CTA498CVA,CTA,498,CVA,CAA,L,Q,L498Q
700,pkr,pkr_4d-1_CTA498CVA,CTA,498,CVA,CCA,L,P,L498P
701,pkr,pkr_4d-1_CTA498CVA,CTA,498,CVA,CGA,L,R,L498R
702,pkr,pkr_4d-1_CGG499KGG,CGG,499,KGG,GGG,R,G,R499G
703,pkr,pkr_4d-1_CGG499KGG,CGG,499,KGG,TGG,R,W,R499W
704,pkr,pkr_4d-1_CGG499CHG,CGG,499,CHG,CAG,R,Q,R499Q
705,pkr,pkr_4d-1_CGG499CHG,CGG,499,CHG,CCG,R,P,R499P
706,pkr,pkr_4d-1_CGG499CHG,CGG,499,CHG,CTG,R,L,R499L
709,pkr,pkr_4d-1_GAT500HAT,GAT,500,HAT,TAT,D,Y,D500Y
713,pkr,pkr_4d-1_GAT500GAA,GAT,500,GAA,GAA,D,E,D500E
712,pkr,pkr_4d-1_GAT500GBT,GAT,500,GBT,GTT,D,V,D500V
711,pkr,pkr_4d-1_GAT500GBT,GAT,500,GBT,GGT,D,G,D500G
708,pkr,pkr_4d-1_GAT500HAT,GAT,500,HAT,CAT,D,H,D500H
707,pkr,pkr_4d-1_GAT500HAT,GAT,500,HAT,AAT,D,N,D500N
710,pkr,pkr_4d-1_GAT500GBT,GAT,500,GBT,GCT,D,A,D500A
718,pkr,pkr_4d-1_GGC501GHC,GGC,501,GHC,GCC,G,A,G501A
714,pkr,pkr_4d-1_GGC501HGC,GGC,501,HGC,AGC,G,S,G501S
715,pkr,pkr_4d-1_GGC501HGC,GGC,501,HGC,CGC,G,R,G501R
716,pkr,pkr_4d-1_GGC501HGC,GGC,501,HGC,TGC,G,C,G501C
717,pkr,pkr_4d-1_GGC501GHC,GGC,501,GHC,GAC,G,D,G501D
719,pkr,pkr_4d-1_GGC501GHC,GGC,501,GHC,GTC,G,V,G501V
720,pkr,pkr_4e-1_ATC502BTC,ATC,502,BTC,CTC,I,L,I502L
726,pkr,pkr_4e-1_ATC502ATG,ATC,502,ATG,ATG,I,M,I502M
721,pkr,pkr_4e-1_ATC502BTC,ATC,502,BTC,GTC,I,V,I502V
725,pkr,pkr_4e-1_ATC502AVC,ATC,502,AVC,AGC,I,S,I502S
722,pkr,pkr_4e-1_ATC502BTC,ATC,502,BTC,TTC,I,F,I502F
724,pkr,pkr_4e-1_ATC502AVC,ATC,502,AVC,ACC,I,T,I502T
723,pkr,pkr_4e-1_ATC502AVC,ATC,502,AVC,AAC,I,N,I502N
728,pkr,pkr_4e-1_ATC503BTC,ATC,503,BTC,GTC,I,V,I503V
727,pkr,pkr_4e-1_ATC503BTC,ATC,503,BTC,CTC,I,L,I503L
729,pkr,pkr_4e-1_ATC503BTC,ATC,503,BTC,TTC,I,F,I503F
730,pkr,pkr_4e-1_ATC503AVC,ATC,503,AVC,AAC,I,N,I503N
731,pkr,pkr_4e-1_ATC503AVC,ATC,503,AVC,ACC,I,T,I503T
732,pkr,pkr_4e-1_ATC503AVC,ATC,503,AVC,AGC,I,S,I503S
733,pkr,pkr_4e-1_ATC503ATG,ATC,503,ATG,ATG,I,M,I503M
734,pkr,pkr_4e-1_TCA504VCA,TCA,504,VCA,ACA,S,T,S504T
735,pkr,pkr_4e-1_TCA504VCA,TCA,504,VCA,CCA,S,P,S504P
736,pkr,pkr_4e-1_TCA504VCA,TCA,504,VCA,GCA,S,A,S504A
737,pkr,pkr_4e-1_TCA504TTA,TCA,504,TTA,TTA,S,L,S504L
738,pkr,pkr_4e-1_GAT505HAT,GAT,505,HAT,AAT,D,N,D505N
740,pkr,pkr_4e-1_GAT505HAT,GAT,505,HAT,TAT,D,Y,D505Y
741,pkr,pkr_4e-1_GAT505GBT,GAT,505,GBT,GCT,D,A,D505A
742,pkr,pkr_4e-1_GAT505GBT,GAT,505,GBT,GGT,D,G,D505G
743,pkr,pkr_4e-1_GAT505GBT,GAT,505,GBT,GTT,D,V,D505V
744,pkr,pkr_4e-1_GAT505GAA,GAT,505,GAA,GAA,D,E,D505E
739,pkr,pkr_4e-1_GAT505HAT,GAT,505,HAT,CAT,D,H,D505H
745,pkr,pkr_4e-1_ATA506KTA,ATA,506,KTA,GTA,I,V,I506V
746,pkr,pkr_4e-1_ATA506KTA,ATA,506,KTA,TTA,I,L,I506L
747,pkr,pkr_4e-1_ATA506AVA,ATA,506,AVA,AAA,I,K,I506K
748,pkr,pkr_4e-1_ATA506AVA,ATA,506,AVA,ACA,I,T,I506T
749,pkr,pkr_4e-1_ATA506AVA,ATA,506,AVA,AGA,I,R,I506R
750,pkr,pkr_4e-1_ATA506ATG,ATA,506,ATG,ATG,I,M,I506M
