residue,codon,aa,num_variants,missense_variant,H,K,R,D,E,C,M,N,Q,S,T,A,I,L,V,F,W,Y,G,P,*,Within 5Ã…,#NAME?
1,ATG,M,0,"['L', 'V', 'L', 'T', 'R', 'I']",,,,,,,2,,,,,,,,,,,,,,,,
2,GCT,A,0,"['T', 'P', 'S', 'D', 'V']",,,,,,,,,,,,2,,,,,,,,,,,
3,GGT,G,0,"['S', 'R', 'C', 'D', 'A', 'V']",,,,,,,,,,,,,,,,,,,2,,,,
4,GAT,D,0,"['N', 'H', 'Y', 'A', 'V']",,,,2,,,,,,,,,,,,,,,,,,,
5,CTT,L,0,"['I', 'V', 'F', 'H', 'R']",,,,,,,,,,,,,,2,,,,,,,,,
6,TCA,S,0,"['T', 'P', 'A', '*', '*']",,,,,,,,,,2,,,,,,,,,,,,,
7,GCA,A,0,"['T', 'P', 'S', 'E', 'V']",,,,,,,,,,,,2,,,,,,,,,,,
8,GGT,G,0,"['S', 'R', 'C', 'D', 'A', 'V']",,,,,,,,,,,,,,,,,,,2,,,,
9,TTC,F,0,"['I', 'L', 'V', 'Y', 'S', 'C', 'L', 'L']",,,,,,,,,,,,,,,,2,,,,,,,
10,TTC,F,0,"['I', 'L', 'V', 'Y', 'S', 'C', 'L', 'L']",,,,,,,,,,,,,,,,2,,,,,,,
11,ATG,M,0,"['L', 'V', 'L', 'T', 'R', 'I']",,,,,,,2,,,,,,,,,,,,,,,,
12,GAG,E,0,"['K', 'Q', '*', 'A', 'V', 'D', 'D']",,,,,2,,,,,,,,,,,,,,,,,,
13,GAA,E,0,"['K', 'Q', '*', 'A', 'V', 'D', 'D']",,,,,2,,,,,,,,,,,,,,,,,,
14,CTT,L,0,"['I', 'V', 'F', 'H', 'R']",,,,,,,,,,,,,,2,,,,,,,,,
15,AAT,N,0,"['H', 'D', 'Y', 'T', 'S', 'I', 'K']",,,,,,,,2,,,,,,,,,,,,,,,
16,ACA,T,0,"['P', 'A', 'S', 'R', 'I']",,,,,,,,,,,2,,,,,,,,,,,,
17,TAC,Y,0,"['N', 'H', 'D', 'S', 'C', '*']",,,,,,,,,,,,,,,,,,2,,,,,
18,CGT,R,0,"['S', 'G', 'C', 'H', 'L']",,,2,,,,,,,,,,,,,,,,,,,,
19,CAG,Q,0,"['K', 'E', '*', 'R', 'L', 'H']",,,,,,,,,2,,,,,,,,,,,,,,
20,AAG,K,0,"['Q', 'E', '*', 'T', 'R', 'M', 'N', 'N']",,2,,,,,,,,,,,,,,,,,,,,,
21,CAG,Q,0,"['K', 'E', '*', 'R', 'L', 'H']",,,,,,,,,2,,,,,,,,,,,,,,
22,GGA,G,0,"['R', 'R', '*', 'E', 'A', 'V']",,,,,,,,,,,,,,,,,,,2,,,,
23,GTA,V,0,"['I', 'L', 'L', 'E', 'A']",,,,,,,,,,,,,,,2,,,,,,,,
24,GTA,V,0,"['I', 'L', 'L', 'E', 'A']",,,,,,,,,,,,,,,2,,,,,,,,
25,CTT,L,0,"['I', 'V', 'F', 'H', 'R']",,,,,,,,,,,,,,2,,,,,,,,,
26,AAA,K,0,"['Q', 'E', '*', 'T', 'R', 'I', 'N', 'N']",,2,,,,,,,,,,,,,,,,,,,,,
27,TAT,Y,0,"['N', 'H', 'D', 'S', 'C', '*']",,,,,,,,,,,,,,,,,,2,,,,,
28,CAA,Q,0,"['K', 'E', '*', 'R', 'L', 'H']",,,,,,,,,2,,,,,,,,,,,,,,
29,GAA,E,0,"['K', 'Q', '*', 'A', 'V', 'D', 'D']",,,,,2,,,,,,,,,,,,,,,,,,
30,CTG,L,0,"['M', 'V', 'Q', 'R']",,,,,,,,,,,,,,2,,,,,,,,,
31,CCT,P,0,"['T', 'A', 'S', 'H', 'R', 'L']",,,,,,,,,,,,,,,,,,,,2,,,
32,AAT,N,0,"['H', 'D', 'Y', 'T', 'S', 'I', 'K']",,,,,,,,2,,,,,,,,,,,,,,,
33,TCA,S,0,"['T', 'P', 'A', '*', '*']",,,,,,,,,,2,,,,,,,,,,,,,
34,GGA,G,0,"['R', 'R', '*', 'E', 'A', 'V']",,,,,,,,,,,,,,,,,,,2,,,,
35,CCT,P,0,"['T', 'A', 'S', 'H', 'R', 'L']",,,,,,,,,,,,,,,,,,,,2,,,
36,CCA,P,0,"['T', 'A', 'S', 'Q', 'R', 'L']",,,,,,,,,,,,,,,,,,,,2,,,
37,CAT,H,0,"['N', 'D', 'Y', 'R', 'L', 'Q']",2,,,,,,,,,,,,,,,,,,,,,,
38,GAT,D,0,"['N', 'H', 'Y', 'A', 'V']",,,,2,,,,,,,,,,,,,,,,,,,
39,AGG,R,0,"['G', 'W', 'T', 'M', 'S', 'S']",,,2,,,,,,,,,,,,,,,,,,,,
40,AGG,R,0,"['G', 'W', 'T', 'M', 'S', 'S']",,,2,,,,,,,,,,,,,,,,,,,,
41,TTT,F,0,"['I', 'L', 'V', 'Y', 'S', 'C', 'L', 'L']",,,,,,,,,,,,,,,,2,,,,,,,
42,ACA,T,0,"['P', 'A', 'S', 'R', 'I']",,,,,,,,,,,2,,,,,,,,,,,,
43,TTT,F,0,"['I', 'L', 'V', 'Y', 'S', 'C', 'L', 'L']",,,,,,,,,,,,,,,,2,,,,,,,
44,CAA,Q,0,"['K', 'E', '*', 'R', 'L', 'H']",,,,,,,,,2,,,,,,,,,,,,,,
45,GTT,V,0,"['I', 'L', 'F', 'D', 'A']",,,,,,,,,,,,,,,2,,,,,,,,
46,ATA,I,0,"['L', 'V', 'L', 'T', 'R', 'M']",,,,,,,,,,,,,2,,,,,,,,,,
47,ATA,I,0,"['L', 'V', 'L', 'T', 'R', 'M']",,,,,,,,,,,,,2,,,,,,,,,,
48,GAT,D,0,"['N', 'H', 'Y', 'A', 'V']",,,,2,,,,,,,,,,,,,,,,,,,
49,GGA,G,0,"['R', 'R', '*', 'E', 'A', 'V']",,,,,,,,,,,,,,,,,,,2,,,,
50,AGA,R,0,"['G', '*', 'T', 'I', 'S', 'S']",,,2,,,,,,,,,,,,,,,,,,,,
51,GAA,E,0,"['K', 'Q', '*', 'A', 'V', 'D', 'D']",,,,,2,,,,,,,,,,,,,,,,,,
52,TTT,F,0,"['I', 'L', 'V', 'Y', 'S', 'C', 'L', 'L']",,,,,,,,,,,,,,,,2,,,,,,,
53,CCA,P,0,"['T', 'A', 'S', 'Q', 'R', 'L']",,,,,,,,,,,,,,,,,,,,2,,,
54,GAA,E,0,"['K', 'Q', '*', 'A', 'V', 'D', 'D']",,,,,2,,,,,,,,,,,,,,,,,,
55,GGT,G,0,"['S', 'R', 'C', 'D', 'A', 'V']",,,,,,,,,,,,,,,,,,,2,,,,
56,GAA,E,0,"['K', 'Q', '*', 'A', 'V', 'D', 'D']",,,,,2,,,,,,,,,,,,,,,,,,
57,GGT,G,0,"['S', 'R', 'C', 'D', 'A', 'V']",,,,,,,,,,,,,,,,,,,2,,,,
58,AGA,R,0,"['G', '*', 'T', 'I', 'S', 'S']",,,2,,,,,,,,,,,,,,,,,,,,
59,TCA,S,0,"['T', 'P', 'A', '*', '*']",,,,,,,,,,2,,,,,,,,,,,,,
60,AAG,K,0,"['Q', 'E', '*', 'T', 'R', 'M', 'N', 'N']",,2,,,,,,,,,,,,,,,,,,,,,
61,AAG,K,0,"['Q', 'E', '*', 'T', 'R', 'M', 'N', 'N']",,2,,,,,,,,,,,,,,,,,,,,,
62,GAA,E,0,"['K', 'Q', '*', 'A', 'V', 'D', 'D']",,,,,2,,,,,,,,,,,,,,,,,,
63,GCA,A,0,"['T', 'P', 'S', 'E', 'V']",,,,,,,,,,,,2,,,,,,,,,,,
64,AAA,K,0,"['Q', 'E', '*', 'T', 'R', 'I', 'N', 'N']",,2,,,,,,,,,,,,,,,,,,,,,
65,AAT,N,0,"['H', 'D', 'Y', 'T', 'S', 'I', 'K']",,,,,,,,2,,,,,,,,,,,,,,,
66,GCC,A,0,"['T', 'P', 'S', 'D', 'V']",,,,,,,,,,,,2,,,,,,,,,,,
67,GCA,A,0,"['T', 'P', 'S', 'E', 'V']",,,,,,,,,,,,2,,,,,,,,,,,
68,GCC,A,0,"['T', 'P', 'S', 'D', 'V']",,,,,,,,,,,,2,,,,,,,,,,,
69,AAA,K,0,"['Q', 'E', '*', 'T', 'R', 'I', 'N', 'N']",,2,,,,,,,,,,,,,,,,,,,,,
70,TTA,L,0,"['I', 'V', '*', 'S', '*', 'F']",,,,,,,,,,,,,,2,,,,,,,,,
71,GCT,A,0,"['T', 'P', 'S', 'D', 'V']",,,,,,,,,,,,2,,,,,,,,,,,
72,GTT,V,0,"['I', 'L', 'F', 'D', 'A']",,,,,,,,,,,,,,,2,,,,,,,,
73,GAG,E,0,"['K', 'Q', '*', 'A', 'V', 'D', 'D']",,,,,2,,,,,,,,,,,,,,,,,,
74,ATA,I,0,"['L', 'V', 'L', 'T', 'R', 'M']",,,,,,,,,,,,,2,,,,,,,,,,
75,CTT,L,0,"['I', 'V', 'F', 'H', 'R']",,,,,,,,,,,,,,2,,,,,,,,,
76,AAT,N,0,"['H', 'D', 'Y', 'T', 'S', 'I', 'K']",,,,,,,,2,,,,,,,,,,,,,,,
77,AAG,K,0,"['Q', 'E', '*', 'T', 'R', 'M', 'N', 'N']",,2,,,,,,,,,,,,,,,,,,,,,
78,GAA,E,0,"['K', 'Q', '*', 'A', 'V', 'D', 'D']",,,,,2,,,,,,,,,,,,,,,,,,
79,AAG,K,0,"['Q', 'E', '*', 'T', 'R', 'M', 'N', 'N']",,2,,,,,,,,,,,,,,,,,,,,,
80,AAG,K,0,"['Q', 'E', '*', 'T', 'R', 'M', 'N', 'N']",,2,,,,,,,,,,,,,,,,,,,,,
81,GCA,A,0,"['T', 'P', 'S', 'E', 'V']",,,,,,,,,,,,2,,,,,,,,,,,
82,GTT,V,0,"['I', 'L', 'F', 'D', 'A']",,,,,,,,,,,,,,,2,,,,,,,,
83,AGT,S,0,"['R', 'G', 'C', 'T', 'I']",,,,,,,,,,2,,,,,,,,,,,,,
84,CCT,P,0,"['T', 'A', 'S', 'H', 'R', 'L']",,,,,,,,,,,,,,,,,,,,2,,,
85,TTA,L,0,"['I', 'V', '*', 'S', '*', 'F']",,,,,,,,,,,,,,2,,,,,,,,,
86,TTA,L,0,"['I', 'V', '*', 'S', '*', 'F']",,,,,,,,,,,,,,2,,,,,,,,,
87,TTG,L,0,"['M', 'V', '*', 'S', 'W', 'F']",,,,,,,,,,,,,,2,,,,,,,,,
88,ACA,T,0,"['P', 'A', 'S', 'R', 'I']",,,,,,,,,,,2,,,,,,,,,,,,
89,ACA,T,0,"['P', 'A', 'S', 'R', 'I']",,,,,,,,,,,2,,,,,,,,,,,,
90,ACG,T,0,"['P', 'A', 'S', 'R', 'M']",,,,,,,,,,,2,,,,,,,,,,,,
91,AAT,N,0,"['H', 'D', 'Y', 'T', 'S', 'I', 'K']",,,,,,,,2,,,,,,,,,,,,,,,
92,TCT,S,0,"['T', 'P', 'A', 'Y', 'C']",,,,,,,,,,2,,,,,,,,,,,,,
93,TCA,S,0,"['T', 'P', 'A', '*', '*']",,,,,,,,,,2,,,,,,,,,,,,,
94,GAA,E,0,"['K', 'Q', '*', 'A', 'V', 'D', 'D']",,,,,2,,,,,,,,,,,,,,,,,,
95,GGA,G,0,"['R', 'R', '*', 'E', 'A', 'V']",,,,,,,,,,,,,,,,,,,2,,,,
96,TTA,L,0,"['I', 'V', '*', 'S', '*', 'F']",,,,,,,,,,,,,,2,,,,,,,,,
97,TCC,S,0,"['T', 'P', 'A', 'Y', 'C']",,,,,,,,,,2,,,,,,,,,,,,,
98,ATG,M,0,"['L', 'V', 'L', 'T', 'R', 'I']",,,,,,,2,,,,,,,,,,,,,,,,
99,GGG,G,0,"['R', 'R', 'W', 'E', 'A', 'V']",,,,,,,,,,,,,,,,,,,2,,,,
100,AAT,N,0,"['H', 'D', 'Y', 'T', 'S', 'I', 'K']",,,,,,,,2,,,,,,,,,,,,,,,
101,TAC,Y,0,"['N', 'H', 'D', 'S', 'C', '*']",,,,,,,,,,,,,,,,,,2,,,,,
102,ATA,I,0,"['L', 'V', 'L', 'T', 'R', 'M']",,,,,,,,,,,,,2,,,,,,,,,,
103,GGC,G,0,"['S', 'R', 'C', 'D', 'A', 'V']",,,,,,,,,,,,,,,,,,,2,,,,
104,CTT,L,0,"['I', 'V', 'F', 'H', 'R']",,,,,,,,,,,,,,2,,,,,,,,,
105,ATC,I,0,"['L', 'V', 'F', 'T', 'S', 'M']",,,,,,,,,,,,,2,,,,,,,,,,
106,AAT,N,0,"['H', 'D', 'Y', 'T', 'S', 'I', 'K']",,,,,,,,2,,,,,,,,,,,,,,,
107,AGA,R,0,"['G', '*', 'T', 'I', 'S', 'S']",,,2,,,,,,,,,,,,,,,,,,,,
108,ATT,I,0,"['L', 'V', 'F', 'T', 'S', 'M']",,,,,,,,,,,,,2,,,,,,,,,,
109,GCC,A,0,"['T', 'P', 'S', 'D', 'V']",,,,,,,,,,,,2,,,,,,,,,,,
110,CAG,Q,0,"['K', 'E', '*', 'R', 'L', 'H']",,,,,,,,,2,,,,,,,,,,,,,,
111,AAG,K,0,"['Q', 'E', '*', 'T', 'R', 'M', 'N', 'N']",,2,,,,,,,,,,,,,,,,,,,,,
112,AAA,K,0,"['Q', 'E', '*', 'T', 'R', 'I', 'N', 'N']",,2,,,,,,,,,,,,,,,,,,,,,
113,AGA,R,0,"['G', '*', 'T', 'I', 'S', 'S']",,,2,,,,,,,,,,,,,,,,,,,,
114,CTA,L,0,"['I', 'V', 'Q', 'R']",,,,,,,,,,,,,,2,,,,,,,,,
115,ACT,T,0,"['P', 'A', 'S', 'S', 'I']",,,,,,,,,,,2,,,,,,,,,,,,
116,GTA,V,0,"['I', 'L', 'L', 'E', 'A']",,,,,,,,,,,,,,,2,,,,,,,,
117,AAT,N,0,"['H', 'D', 'Y', 'T', 'S', 'I', 'K']",,,,,,,,2,,,,,,,,,,,,,,,
118,TAT,Y,0,"['N', 'H', 'D', 'S', 'C', '*']",,,,,,,,,,,,,,,,,,2,,,,,
119,GAA,E,0,"['K', 'Q', '*', 'A', 'V', 'D', 'D']",,,,,2,,,,,,,,,,,,,,,,,,
120,CAG,Q,0,"['K', 'E', '*', 'R', 'L', 'H']",,,,,,,,,2,,,,,,,,,,,,,,
121,TGT,C,0,"['S', 'R', 'G', 'Y', 'S', '*']",,,,,,2,,,,,,,,,,,,,,,,,
122,GCA,A,0,"['T', 'P', 'S', 'E', 'V']",,,,,,,,,,,,2,,,,,,,,,,,
123,TCG,S,0,"['T', 'P', 'A', '*', 'W']",,,,,,,,,,2,,,,,,,,,,,,,
124,GGG,G,0,"['R', 'R', 'W', 'E', 'A', 'V']",,,,,,,,,,,,,,,,,,,2,,,,
125,GTG,V,0,"['M', 'L', 'L', 'E', 'A']",,,,,,,,,,,,,,,2,,,,,,,,
126,CAT,H,0,"['N', 'D', 'Y', 'R', 'L', 'Q']",2,,,,,,,,,,,,,,,,,,,,,,
127,GGG,G,0,"['R', 'R', 'W', 'E', 'A', 'V']",,,,,,,,,,,,,,,,,,,2,,,,
128,CCA,P,0,"['T', 'A', 'S', 'Q', 'R', 'L']",,,,,,,,,,,,,,,,,,,,2,,,
129,GAA,E,0,"['K', 'Q', '*', 'A', 'V', 'D', 'D']",,,,,2,,,,,,,,,,,,,,,,,,
130,GGA,G,0,"['R', 'R', '*', 'E', 'A', 'V']",,,,,,,,,,,,,,,,,,,2,,,,
131,TTT,F,0,"['I', 'L', 'V', 'Y', 'S', 'C', 'L', 'L']",,,,,,,,,,,,,,,,2,,,,,,,
132,CAT,H,0,"['N', 'D', 'Y', 'R', 'L', 'Q']",2,,,,,,,,,,,,,,,,,,,,,,
133,TAT,Y,0,"['N', 'H', 'D', 'S', 'C', '*']",,,,,,,,,,,,,,,,,,2,,,,,
134,AAA,K,0,"['Q', 'E', '*', 'T', 'R', 'I', 'N', 'N']",,2,,,,,,,,,,,,,,,,,,,,,
135,TGC,C,0,"['S', 'R', 'G', 'Y', 'S', '*']",,,,,,2,,,,,,,,,,,,,,,,,
136,AAA,K,0,"['Q', 'E', '*', 'T', 'R', 'I', 'N', 'N']",,2,,,,,,,,,,,,,,,,,,,,,
137,ATG,M,0,"['L', 'V', 'L', 'T', 'R', 'I']",,,,,,,2,,,,,,,,,,,,,,,,
138,GGA,G,0,"['R', 'R', '*', 'E', 'A', 'V']",,,,,,,,,,,,,,,,,,,2,,,,
139,CAG,Q,0,"['K', 'E', '*', 'R', 'L', 'H']",,,,,,,,,2,,,,,,,,,,,,,,
140,AAA,K,0,"['Q', 'E', '*', 'T', 'R', 'I', 'N', 'N']",,2,,,,,,,,,,,,,,,,,,,,,
141,GAA,E,0,"['K', 'Q', '*', 'A', 'V', 'D', 'D']",,,,,2,,,,,,,,,,,,,,,,,,
142,TAT,Y,0,"['N', 'H', 'D', 'S', 'C', '*']",,,,,,,,,,,,,,,,,,2,,,,,
143,AGT,S,0,"['R', 'G', 'C', 'T', 'I']",,,,,,,,,,2,,,,,,,,,,,,,
144,ATT,I,0,"['L', 'V', 'F', 'T', 'S', 'M']",,,,,,,,,,,,,2,,,,,,,,,,
145,GGT,G,0,"['S', 'R', 'C', 'D', 'A', 'V']",,,,,,,,,,,,,,,,,,,2,,,,
146,ACA,T,0,"['P', 'A', 'S', 'R', 'I']",,,,,,,,,,,2,,,,,,,,,,,,
147,GGT,G,0,"['S', 'R', 'C', 'D', 'A', 'V']",,,,,,,,,,,,,,,,,,,2,,,,
148,TCT,S,0,"['T', 'P', 'A', 'Y', 'C']",,,,,,,,,,2,,,,,,,,,,,,,
149,ACT,T,0,"['P', 'A', 'S', 'S', 'I']",,,,,,,,,,,2,,,,,,,,,,,,
150,AAA,K,0,"['Q', 'E', '*', 'T', 'R', 'I', 'N', 'N']",,2,,,,,,,,,,,,,,,,,,,,,
151,CAG,Q,0,"['K', 'E', '*', 'R', 'L', 'H']",,,,,,,,,2,,,,,,,,,,,,,,
152,GAA,E,0,"['K', 'Q', '*', 'A', 'V', 'D', 'D']",,,,,2,,,,,,,,,,,,,,,,,,
153,GCA,A,0,"['T', 'P', 'S', 'E', 'V']",,,,,,,,,,,,2,,,,,,,,,,,
154,AAA,K,0,"['Q', 'E', '*', 'T', 'R', 'I', 'N', 'N']",,2,,,,,,,,,,,,,,,,,,,,,
155,CAA,Q,0,"['K', 'E', '*', 'R', 'L', 'H']",,,,,,,,,2,,,,,,,,,,,,,,
156,TTG,L,0,"['M', 'V', '*', 'S', 'W', 'F']",,,,,,,,,,,,,,2,,,,,,,,,
157,GCC,A,0,"['T', 'P', 'S', 'D', 'V']",,,,,,,,,,,,2,,,,,,,,,,,
158,GCT,A,0,"['T', 'P', 'S', 'D', 'V']",,,,,,,,,,,,2,,,,,,,,,,,
159,AAA,K,0,"['Q', 'E', '*', 'T', 'R', 'I', 'N', 'N']",,2,,,,,,,,,,,,,,,,,,,,,
160,CTT,L,0,"['I', 'V', 'F', 'H', 'R']",,,,,,,,,,,,,,2,,,,,,,,,
161,GCA,A,0,"['T', 'P', 'S', 'E', 'V']",,,,,,,,,,,,2,,,,,,,,,,,
162,TAT,Y,0,"['N', 'H', 'D', 'S', 'C', '*']",,,,,,,,,,,,,,,,,,2,,,,,
163,CTT,L,0,"['I', 'V', 'F', 'H', 'R']",,,,,,,,,,,,,,2,,,,,,,,,
164,CAG,Q,0,"['K', 'E', '*', 'R', 'L', 'H']",,,,,,,,,2,,,,,,,,,,,,,,
165,ATA,I,0,"['L', 'V', 'L', 'T', 'R', 'M']",,,,,,,,,,,,,2,,,,,,,,,,
166,TTA,L,0,"['I', 'V', '*', 'S', '*', 'F']",,,,,,,,,,,,,,2,,,,,,,,,
167,TCA,S,0,"['T', 'P', 'A', '*', '*']",,,,,,,,,,2,,,,,,,,,,,,,
168,GAA,E,0,"['K', 'Q', '*', 'A', 'V', 'D', 'D']",,,,,2,,,,,,,,,,,,,,,,,,
169,GAA,E,0,"['K', 'Q', '*', 'A', 'V', 'D', 'D']",,,,,2,,,,,,,,,,,,,,,,,,
170,ACC,T,0,"['P', 'A', 'S', 'S', 'I']",,,,,,,,,,,2,,,,,,,,,,,,
171,TCA,S,0,"['T', 'P', 'A', '*', '*']",,,,,,,,,,2,,,,,,,,,,,,,
172,GTG,V,0,"['M', 'L', 'L', 'E', 'A']",,,,,,,,,,,,,,,2,,,,,,,,
173,AAA,K,0,"['Q', 'E', '*', 'T', 'R', 'I', 'N', 'N']",,2,,,,,,,,,,,,,,,,,,,,,
174,TCT,S,0,"['T', 'P', 'A', 'Y', 'C']",,,,,,,,,,2,,,,,,,,,,,,,
175,GAC,D,0,"['N', 'H', 'Y', 'A', 'V']",,,,2,,,,,,,,,,,,,,,,,,,
176,TAC,Y,0,"['N', 'H', 'D', 'S', 'C', '*']",,,,,,,,,,,,,,,,,,2,,,,,
177,CTG,L,0,"['M', 'V', 'Q', 'R']",,,,,,,,,,,,,,2,,,,,,,,,
178,TCC,S,0,"['T', 'P', 'A', 'Y', 'C']",,,,,,,,,,2,,,,,,,,,,,,,
179,TCT,S,0,"['T', 'P', 'A', 'Y', 'C']",,,,,,,,,,2,,,,,,,,,,,,,
180,GGT,G,0,"['S', 'R', 'C', 'D', 'A', 'V']",,,,,,,,,,,,,,,,,,,2,,,,
181,TCT,S,0,"['T', 'P', 'A', 'Y', 'C']",,,,,,,,,,2,,,,,,,,,,,,,
182,TTT,F,0,"['I', 'L', 'V', 'Y', 'S', 'C', 'L', 'L']",,,,,,,,,,,,,,,,2,,,,,,,
183,GCT,A,0,"['T', 'P', 'S', 'D', 'V']",,,,,,,,,,,,2,,,,,,,,,,,
184,ACT,T,0,"['P', 'A', 'S', 'S', 'I']",,,,,,,,,,,2,,,,,,,,,,,,
185,ACG,T,0,"['P', 'A', 'S', 'R', 'M']",,,,,,,,,,,2,,,,,,,,,,,,
186,TGT,C,0,"['S', 'R', 'G', 'Y', 'S', '*']",,,,,,2,,,,,,,,,,,,,,,,,
187,GAG,E,0,"['K', 'Q', '*', 'A', 'V', 'D', 'D']",,,,,2,,,,,,,,,,,,,,,,,,
188,TCC,S,0,"['T', 'P', 'A', 'Y', 'C']",,,,,,,,,,2,,,,,,,,,,,,,
189,CAA,Q,0,"['K', 'E', '*', 'R', 'L', 'H']",,,,,,,,,2,,,,,,,,,,,,,,
190,AGC,S,0,"['R', 'G', 'C', 'T', 'I']",,,,,,,,,,2,,,,,,,,,,,,,
191,AAC,N,0,"['H', 'D', 'Y', 'T', 'S', 'I', 'K']",,,,,,,,2,,,,,,,,,,,,,,,
192,TCT,S,0,"['T', 'P', 'A', 'Y', 'C']",,,,,,,,,,2,,,,,,,,,,,,,
193,TTA,L,0,"['I', 'V', '*', 'S', '*', 'F']",,,,,,,,,,,,,,2,,,,,,,,,
194,GTG,V,0,"['M', 'L', 'L', 'E', 'A']",,,,,,,,,,,,,,,2,,,,,,,,
195,ACC,T,0,"['P', 'A', 'S', 'S', 'I']",,,,,,,,,,,2,,,,,,,,,,,,
196,AGC,S,0,"['R', 'G', 'C', 'T', 'I']",,,,,,,,,,2,,,,,,,,,,,,,
197,ACA,T,0,"['P', 'A', 'S', 'R', 'I']",,,,,,,,,,,2,,,,,,,,,,,,
198,CTC,L,0,"['I', 'V', 'F', 'H', 'R']",,,,,,,,,,,,,,2,,,,,,,,,
199,GCT,A,0,"['T', 'P', 'S', 'D', 'V']",,,,,,,,,,,,2,,,,,,,,,,,
200,TCT,S,0,"['T', 'P', 'A', 'Y', 'C']",,,,,,,,,,2,,,,,,,,,,,,,
201,GAA,E,0,"['K', 'Q', '*', 'A', 'V', 'D', 'D']",,,,,2,,,,,,,,,,,,,,,,,,
202,TCA,S,0,"['T', 'P', 'A', '*', '*']",,,,,,,,,,2,,,,,,,,,,,,,
203,TCA,S,0,"['T', 'P', 'A', '*', '*']",,,,,,,,,,2,,,,,,,,,,,,,
204,TCT,S,0,"['T', 'P', 'A', 'Y', 'C']",,,,,,,,,,2,,,,,,,,,,,,,
205,GAA,E,0,"['K', 'Q', '*', 'A', 'V', 'D', 'D']",,,,,2,,,,,,,,,,,,,,,,,,
206,GGT,G,0,"['S', 'R', 'C', 'D', 'A', 'V']",,,,,,,,,,,,,,,,,,,2,,,,
207,GAC,D,0,"['N', 'H', 'Y', 'A', 'V']",,,,2,,,,,,,,,,,,,,,,,,,
208,TTC,F,0,"['I', 'L', 'V', 'Y', 'S', 'C', 'L', 'L']",,,,,,,,,,,,,,,,2,,,,,,,
209,TCA,S,0,"['T', 'P', 'A', '*', '*']",,,,,,,,,,2,,,,,,,,,,,,,
210,GCA,A,0,"['T', 'P', 'S', 'E', 'V']",,,,,,,,,,,,2,,,,,,,,,,,
211,GAT,D,0,"['N', 'H', 'Y', 'A', 'V']",,,,2,,,,,,,,,,,,,,,,,,,
212,ACA,T,0,"['P', 'A', 'S', 'R', 'I']",,,,,,,,,,,2,,,,,,,,,,,,
213,TCA,S,0,"['T', 'P', 'A', '*', '*']",,,,,,,,,,2,,,,,,,,,,,,,
214,GAG,E,0,"['K', 'Q', '*', 'A', 'V', 'D', 'D']",,,,,2,,,,,,,,,,,,,,,,,,
215,ATA,I,0,"['L', 'V', 'L', 'T', 'R', 'M']",,,,,,,,,,,,,2,,,,,,,,,,
216,AAT,N,0,"['H', 'D', 'Y', 'T', 'S', 'I', 'K']",,,,,,,,2,,,,,,,,,,,,,,,
217,TCT,S,0,"['T', 'P', 'A', 'Y', 'C']",,,,,,,,,,2,,,,,,,,,,,,,
218,AAC,N,0,"['H', 'D', 'Y', 'T', 'S', 'I', 'K']",,,,,,,,2,,,,,,,,,,,,,,,
219,AGT,S,0,"['R', 'G', 'C', 'T', 'I']",,,,,,,,,,2,,,,,,,,,,,,,
220,GAC,D,0,"['N', 'H', 'Y', 'A', 'V']",,,,2,,,,,,,,,,,,,,,,,,,
221,AGT,S,0,"['R', 'G', 'C', 'T', 'I']",,,,,,,,,,2,,,,,,,,,,,,,
222,TTA,L,0,"['I', 'V', '*', 'S', '*', 'F']",,,,,,,,,,,,,,2,,,,,,,,,
223,AAC,N,0,"['H', 'D', 'Y', 'T', 'S', 'I', 'K']",,,,,,,,2,,,,,,,,,,,,,,,
224,AGT,S,0,"['R', 'G', 'C', 'T', 'I']",,,,,,,,,,2,,,,,,,,,,,,,
225,TCT,S,0,"['T', 'P', 'A', 'Y', 'C']",,,,,,,,,,2,,,,,,,,,,,,,
226,TCG,S,0,"['T', 'P', 'A', '*', 'W']",,,,,,,,,,2,,,,,,,,,,,,,
227,TTG,L,0,"['M', 'V', '*', 'S', 'W', 'F']",,,,,,,,,,,,,,2,,,,,,,,,
228,CTT,L,0,"['I', 'V', 'F', 'H', 'R']",,,,,,,,,,,,,,2,,,,,,,,,
229,ATG,M,0,"['L', 'V', 'L', 'T', 'R', 'I']",,,,,,,2,,,,,,,,,,,,,,,,
230,AAT,N,0,"['H', 'D', 'Y', 'T', 'S', 'I', 'K']",,,,,,,,2,,,,,,,,,,,,,,,
231,GGT,G,0,"['S', 'R', 'C', 'D', 'A', 'V']",,,,,,,,,,,,,,,,,,,2,,,,
232,CTC,L,0,"['I', 'V', 'F', 'H', 'R']",,,,,,,,,,,,,,2,,,,,,,,,
233,AGA,R,0,"['G', '*', 'T', 'I', 'S', 'S']",,,2,,,,,,,,,,,,,,,,,,,,
234,AAT,N,0,"['H', 'D', 'Y', 'T', 'S', 'I', 'K']",,,,,,,,2,,,,,,,,,,,,,,,
235,AAT,N,0,"['H', 'D', 'Y', 'T', 'S', 'I', 'K']",,,,,,,,2,,,,,,,,,,,,,,,
236,CAA,Q,0,"['K', 'E', '*', 'R', 'L', 'H']",,,,,,,,,2,,,,,,,,,,,,,,
237,AGG,R,0,"['G', 'W', 'T', 'M', 'S', 'S']",,,2,,,,,,,,,,,,,,,,,,,,
238,AAG,K,0,"['Q', 'E', '*', 'T', 'R', 'M', 'N', 'N']",,2,,,,,,,,,,,,,,,,,,,,,
239,GCA,A,0,"['T', 'P', 'S', 'E', 'V']",,,,,,,,,,,,2,,,,,,,,,,,
240,AAA,K,0,"['Q', 'E', '*', 'T', 'R', 'I', 'N', 'N']",,2,,,,,,,,,,,,,,,,,,,,,
241,AGA,R,0,"['G', '*', 'T', 'I', 'S', 'S']",,,2,,,,,,,,,,,,,,,,,,,,
242,TCT,S,0,"['T', 'P', 'A', 'Y', 'C']",,,,,,,,,,2,,,,,,,,,,,,,
243,TTG,L,0,"['M', 'V', '*', 'S', 'W', 'F']",,,,,,,,,,,,,,2,,,,,,,,,
244,GCA,A,0,"['T', 'P', 'S', 'E', 'V']",,,,,,,,,,,,2,,,,,,,,,,,
245,CCC,P,0,"['T', 'A', 'S', 'H', 'R', 'L']",,,,,,,,,,,,,,,,,,,,2,,,
246,AGA,R,0,"['G', '*', 'T', 'I', 'S', 'S']",,,2,,,,,,,,,,,,,,,,,,,,
247,TTT,F,0,"['I', 'L', 'V', 'Y', 'S', 'C', 'L', 'L']",,,,,,,,,,,,,,,,2,,,,,,,
248,GAC,D,0,"['N', 'H', 'Y', 'A', 'V']",,,,2,,,,,,,,,,,,,,,,,,,
249,CTT,L,0,"['I', 'V', 'F', 'H', 'R']",,,,,,,,,,,,,,2,,,,,,,,,
250,CCT,P,0,"['T', 'A', 'S', 'H', 'R', 'L']",,,,,,,,,,,,,,,,,,,,2,,,
251,GAC,D,0,"['N', 'H', 'Y', 'A', 'V']",,,,2,,,,,,,,,,,,,,,,,,,
252,ATG,M,0,"['L', 'V', 'L', 'T', 'R', 'I']",,,,,,,2,,,,,,,,,,,,,,,,
253,AAA,K,0,"['Q', 'E', '*', 'T', 'R', 'I', 'N', 'N']",,2,,,,,,,,,,,,,,,,,,,,,
254,GAA,E,0,"['K', 'Q', '*', 'A', 'V', 'D', 'D']",,,,,2,,,,,,,,,,,,,,,,,,
255,ACA,T,5,"['P', 'A', 'S', 'R', 'I']",,,1,,,,,,,1,2,1,1,,,,,,,1,,,
256,AAG,K,7,"['Q', 'E', '*', 'T', 'R', 'M', 'N', 'N']",,2,1,,1,,1,1,1,,1,,,,,,,,,,1,,4
257,TAT,Y,6,"['N', 'H', 'D', 'S', 'C', '*']",1,,,1,,1,,1,,1,,,,,,,,2,,,1,,
258,ACT,T,4,"['P', 'A', 'S', 'S', 'I']",,,,,,,,,,1,2,1,1,,,,,,,1,,,
259,GTG,V,4,"['M', 'L', 'L', 'E', 'A']",,,,,1,,1,,,,,1,,1,2,,,,,,,,
260,GAC,D,5,"['N', 'H', 'Y', 'A', 'V']",1,,,2,,,,1,,,,1,,,1,,,1,,,,,4
261,AAG,K,7,"['Q', 'E', '*', 'T', 'R', 'M', 'N', 'N']",,2,1,,1,,1,1,1,,1,,,,,,,,,,1,,
262,AGG,R,5,"['G', 'W', 'T', 'M', 'S', 'S']",,,2,,,,1,,,1,1,,,,,,1,,1,,,,4
263,TTT,F,6,"['I', 'L', 'V', 'Y', 'S', 'C', 'L', 'L']",,,,,,1,,,,1,,,1,1,1,2,,1,,,,,
264,GGC,G,6,"['S', 'R', 'C', 'D', 'A', 'V']",,,1,1,,1,,,,1,,1,,,1,,,,2,,,,
265,ATG,M,5,"['L', 'V', 'L', 'T', 'R', 'I']",,,1,,,,2,,,,1,,1,1,1,,,,,,,,
266,GAT,D,5,"['N', 'H', 'Y', 'A', 'V']",1,,,2,,,,1,,,,1,,,1,,,1,,,,,
267,TTT,F,6,"['I', 'L', 'V', 'Y', 'S', 'C', 'L', 'L']",,,,,,1,,,,1,,,1,1,1,2,,1,,,,,
268,AAA,K,7,"['Q', 'E', '*', 'T', 'R', 'I', 'N', 'N']",,2,1,,1,,,1,1,,1,,1,,,,,,,,1,,
269,GAA,E,6,"['K', 'Q', '*', 'A', 'V', 'D', 'D']",,1,,1,2,,,,1,,,1,,,1,,,,,,1,,
270,ATA,I,5,"['L', 'V', 'L', 'T', 'R', 'M']",,,1,,,,1,,,,1,,2,1,1,,,,,,,,
271,GAA,E,6,"['K', 'Q', '*', 'A', 'V', 'D', 'D']",,1,,1,2,,,,1,,,1,,,1,,,,,,1,,
272,TTA,L,5,"['I', 'V', '*', 'S', '*', 'F']",,,,,,,,,,1,,,1,2,1,1,,,,,1,,
273,ATT,I,6,"['L', 'V', 'F', 'T', 'S', 'M']",,,,,,,1,,,1,1,,2,1,1,1,,,,,,,
274,GGC,G,6,"['S', 'R', 'C', 'D', 'A', 'V']",,,1,1,,1,,,,1,,1,,,1,,,,2,,,,
275,TCA,S,4,"['T', 'P', 'A', '*', '*']",,,,,,,,,,2,1,1,,,,,,,,1,1,,
276,GGT,G,6,"['S', 'R', 'C', 'D', 'A', 'V']",,,1,1,,1,,,,1,,1,,,1,,,,2,,,,4
277,GGA,G,5,"['R', 'R', '*', 'E', 'A', 'V']",,,1,,1,,,,,,,1,,,1,,,,2,,1,3,
278,TTT,F,6,"['I', 'L', 'V', 'Y', 'S', 'C', 'L', 'L']",,,,,,1,,,,1,,,1,1,1,2,,1,,,,3,
279,GGC,G,0,"['S', 'R', 'C', 'D', 'A', 'V']",,,,,,,,,,,,,,,,,,,2,,,3,
280,CAA,Q,0,"['K', 'E', '*', 'R', 'L', 'H']",,,,,,,,,2,,,,,,,,,,,,,,
281,GTT,V,0,"['I', 'L', 'F', 'D', 'A']",,,,,,,,,,,,,,,2,,,,,,,,
282,TTC,F,0,"['I', 'L', 'V', 'Y', 'S', 'C', 'L', 'L']",,,,,,,,,,,,,,,,2,,,,,,,
283,AAA,K,0,"['Q', 'E', '*', 'T', 'R', 'I', 'N', 'N']",,2,,,,,,,,,,,,,,,,,,,,,
284,GCA,A,0,"['T', 'P', 'S', 'E', 'V']",,,,,,,,,,,,2,,,,,,,,,,,
285,AAA,K,0,"['Q', 'E', '*', 'T', 'R', 'I', 'N', 'N']",,2,,,,,,,,,,,,,,,,,,,,,
286,CAC,H,0,"['N', 'D', 'Y', 'R', 'L', 'Q']",2,,,,,,,,,,,,,,,,,,,,,,
287,AGA,R,0,"['G', '*', 'T', 'I', 'S', 'S']",,,2,,,,,,,,,,,,,,,,,,,,
288,ATT,I,0,"['L', 'V', 'F', 'T', 'S', 'M']",,,,,,,,,,,,,2,,,,,,,,,,
289,GAC,D,0,"['N', 'H', 'Y', 'A', 'V']",,,,2,,,,,,,,,,,,,,,,,,,
290,GGA,G,0,"['R', 'R', '*', 'E', 'A', 'V']",,,,,,,,,,,,,,,,,,,2,,,,
291,AAG,K,0,"['Q', 'E', '*', 'T', 'R', 'M', 'N', 'N']",,2,,,,,,,,,,,,,,,,,,,,,
292,ACT,T,0,"['P', 'A', 'S', 'S', 'I']",,,,,,,,,,,2,,,,,,,,,,,,
293,TAC,Y,0,"['N', 'H', 'D', 'S', 'C', '*']",,,,,,,,,,,,,,,,,,2,,,,,
294,GTT,V,0,"['I', 'L', 'F', 'D', 'A']",,,,,,,,,,,,,,,2,,,,,,,,
295,ATT,I,0,"['L', 'V', 'F', 'T', 'S', 'M']",,,,,,,,,,,,,2,,,,,,,,,,
296,AAA,K,0,"['Q', 'E', '*', 'T', 'R', 'I', 'N', 'N']",,2,,,,,,,,,,,,,,,,,,,,,
297,CGT,R,0,"['S', 'G', 'C', 'H', 'L']",,,2,,,,,,,,,,,,,,,,,,,,
298,GTT,V,0,"['I', 'L', 'F', 'D', 'A']",,,,,,,,,,,,,,,2,,,,,,,,
299,AAA,K,0,"['Q', 'E', '*', 'T', 'R', 'I', 'N', 'N']",,2,,,,,,,,,,,,,,,,,,,,,
300,TAT,Y,0,"['N', 'H', 'D', 'S', 'C', '*']",,,,,,,,,,,,,,,,,,2,,,,,
301,AAT,N,0,"['H', 'D', 'Y', 'T', 'S', 'I', 'K']",,,,,,,,2,,,,,,,,,,,,,,,
302,AAC,N,0,"['H', 'D', 'Y', 'T', 'S', 'I', 'K']",,,,,,,,2,,,,,,,,,,,,,,,
303,GAG,E,0,"['K', 'Q', '*', 'A', 'V', 'D', 'D']",,,,,2,,,,,,,,,,,,,,,,,,
304,AAG,K,0,"['Q', 'E', '*', 'T', 'R', 'M', 'N', 'N']",,2,,,,,,,,,,,,,,,,,,,,,
305,GCG,A,0,"['T', 'P', 'S', 'E', 'V']",,,,,,,,,,,,2,,,,,,,,,,,
306,GAG,E,0,"['K', 'Q', '*', 'A', 'V', 'D', 'D']",,,,,2,,,,,,,,,,,,,,,,,,
307,CGT,R,0,"['S', 'G', 'C', 'H', 'L']",,,2,,,,,,,,,,,,,,,,,,,,
308,GAA,E,0,"['K', 'Q', '*', 'A', 'V', 'D', 'D']",,,,,2,,,,,,,,,,,,,,,,,,
309,GTA,V,0,"['I', 'L', 'L', 'E', 'A']",,,,,,,,,,,,,,,2,,,,,,,,
310,AAA,K,0,"['Q', 'E', '*', 'T', 'R', 'I', 'N', 'N']",,2,,,,,,,,,,,,,,,,,,,,,
311,GCA,A,0,"['T', 'P', 'S', 'E', 'V']",,,,,,,,,,,,2,,,,,,,,,,,
312,TTG,L,0,"['M', 'V', '*', 'S', 'W', 'F']",,,,,,,,,,,,,,2,,,,,,,,,
313,GCA,A,0,"['T', 'P', 'S', 'E', 'V']",,,,,,,,,,,,2,,,,,,,,,,,
314,AAA,K,0,"['Q', 'E', '*', 'T', 'R', 'I', 'N', 'N']",,2,,,,,,,,,,,,,,,,,,,,,
315,CTT,L,0,"['I', 'V', 'F', 'H', 'R']",,,,,,,,,,,,,,2,,,,,,,,,
316,GAT,D,0,"['N', 'H', 'Y', 'A', 'V']",,,,2,,,,,,,,,,,,,,,,,,,
317,CAT,H,0,"['N', 'D', 'Y', 'R', 'L', 'Q']",2,,,,,,,,,,,,,,,,,,,,,,
318,GTA,V,0,"['I', 'L', 'L', 'E', 'A']",,,,,,,,,,,,,,,2,,,,,,,,
319,AAT,N,0,"['H', 'D', 'Y', 'T', 'S', 'I', 'K']",,,,,,,,2,,,,,,,,,,,,,,,
320,ATT,I,0,"['L', 'V', 'F', 'T', 'S', 'M']",,,,,,,,,,,,,2,,,,,,,,,,
321,GTT,V,0,"['I', 'L', 'F', 'D', 'A']",,,,,,,,,,,,,,,2,,,,,,,,
322,CAC,H,0,"['N', 'D', 'Y', 'R', 'L', 'Q']",2,,,,,,,,,,,,,,,,,,,,,,
323,TAC,Y,0,"['N', 'H', 'D', 'S', 'C', '*']",,,,,,,,,,,,,,,,,,2,,,,,4
324,AAT,N,0,"['H', 'D', 'Y', 'T', 'S', 'I', 'K']",,,,,,,,2,,,,,,,,,,,,,,,
325,GGC,G,0,"['S', 'R', 'C', 'D', 'A', 'V']",,,,,,,,,,,,,,,,,,,2,,,,
326,TGT,C,0,"['S', 'R', 'G', 'Y', 'S', '*']",,,,,,2,,,,,,,,,,,,,,,,,
327,TGG,W,0,"['R', 'R', 'G', '*', 'S', '*', 'C']",,,,,,,,,,,,,,,,,2,,,,,,
328,GAT,D,0,"['N', 'H', 'Y', 'A', 'V']",,,,2,,,,,,,,,,,,,,,,,,,
329,GGA,G,0,"['R', 'R', '*', 'E', 'A', 'V']",,,,,,,,,,,,,,,,,,,2,,,,
330,TTT,F,0,"['I', 'L', 'V', 'Y', 'S', 'C', 'L', 'L']",,,,,,,,,,,,,,,,2,,,,,,,
331,GAT,D,0,"['N', 'H', 'Y', 'A', 'V']",,,,2,,,,,,,,,,,,,,,,,,,4
332,TAT,Y,0,"['N', 'H', 'D', 'S', 'C', '*']",,,,,,,,,,,,,,,,,,2,,,,,
333,GAT,D,0,"['N', 'H', 'Y', 'A', 'V']",,,,2,,,,,,,,,,,,,,,,,,,
334,CCT,P,0,"['T', 'A', 'S', 'H', 'R', 'L']",,,,,,,,,,,,,,,,,,,,2,,,
335,GAG,E,0,"['K', 'Q', '*', 'A', 'V', 'D', 'D']",,,,,2,,,,,,,,,,,,,,,,,,
336,ACC,T,0,"['P', 'A', 'S', 'S', 'I']",,,,,,,,,,,2,,,,,,,,,,,,
337,AGT,S,0,"['R', 'G', 'C', 'T', 'I']",,,,,,,,,,2,,,,,,,,,,,,,4
338,GAT,D,0,"['N', 'H', 'Y', 'A', 'V']",,,,2,,,,,,,,,,,,,,,,,,3,
339,GAT,D,0,"['N', 'H', 'Y', 'A', 'V']",,,,2,,,,,,,,,,,,,,,,,,,
340,TCT,S,0,"['T', 'P', 'A', 'Y', 'C']",,,,,,,,,,2,,,,,,,,,,,,,
341,CTT,L,0,"['I', 'V', 'F', 'H', 'R']",,,,,,,,,,,,,,2,,,,,,,,,
342,GAG,E,0,"['K', 'Q', '*', 'A', 'V', 'D', 'D']",,,,,2,,,,,,,,,,,,,,,,,,
343,AGC,S,0,"['R', 'G', 'C', 'T', 'I']",,,,,,,,,,2,,,,,,,,,,,,,
344,AGT,S,0,"['R', 'G', 'C', 'T', 'I']",,,,,,,,,,2,,,,,,,,,,,,,
345,GAT,D,0,"['N', 'H', 'Y', 'A', 'V']",,,,2,,,,,,,,,,,,,,,,,,,
346,TAT,Y,0,"['N', 'H', 'D', 'S', 'C', '*']",,,,,,,,,,,,,,,,,,2,,,,,
347,GAT,D,0,"['N', 'H', 'Y', 'A', 'V']",,,,2,,,,,,,,,,,,,,,,,,,
348,CCT,P,0,"['T', 'A', 'S', 'H', 'R', 'L']",,,,,,,,,,,,,,,,,,,,2,,,
349,GAG,E,0,"['K', 'Q', '*', 'A', 'V', 'D', 'D']",,,,,2,,,,,,,,,,,,,,,,,,
350,AAC,N,0,"['H', 'D', 'Y', 'T', 'S', 'I', 'K']",,,,,,,,2,,,,,,,,,,,,,,,
351,AGC,S,0,"['R', 'G', 'C', 'T', 'I']",,,,,,,,,,2,,,,,,,,,,,,,
352,AAA,K,0,"['Q', 'E', '*', 'T', 'R', 'I', 'N', 'N']",,2,,,,,,,,,,,,,,,,,,,,,
353,AAT,N,0,"['H', 'D', 'Y', 'T', 'S', 'I', 'K']",,,,,,,,2,,,,,,,,,,,,,,,
354,AGT,S,0,"['R', 'G', 'C', 'T', 'I']",,,,,,,,,,2,,,,,,,,,,,,,
355,TCA,S,0,"['T', 'P', 'A', '*', '*']",,,,,,,,,,2,,,,,,,,,,,,,
356,AGG,R,0,"['G', 'W', 'T', 'M', 'S', 'S']",,,2,,,,,,,,,,,,,,,,,,,,
357,TCA,S,0,"['T', 'P', 'A', '*', '*']",,,,,,,,,,2,,,,,,,,,,,,,
358,AAG,K,0,"['Q', 'E', '*', 'T', 'R', 'M', 'N', 'N']",,2,,,,,,,,,,,,,,,,,,,,,
359,ACT,T,0,"['P', 'A', 'S', 'S', 'I']",,,,,,,,,,,2,,,,,,,,,,,,
360,AAG,K,0,"['Q', 'E', '*', 'T', 'R', 'M', 'N', 'N']",,2,,,,,,,,,,,,,,,,,,,,,
361,TGC,C,0,"['S', 'R', 'G', 'Y', 'S', '*']",,,,,,2,,,,,,,,,,,,,,,,,
362,CTT,L,0,"['I', 'V', 'F', 'H', 'R']",,,,,,,,,,,,,,2,,,,,,,,,
363,TTC,F,0,"['I', 'L', 'V', 'Y', 'S', 'C', 'L', 'L']",,,,,,,,,,,,,,,,2,,,,,,,
364,ATC,I,0,"['L', 'V', 'F', 'T', 'S', 'M']",,,,,,,,,,,,,2,,,,,,,,,,
365,CAA,Q,0,"['K', 'E', '*', 'R', 'L', 'H']",,,,,,,,,2,,,,,,,,,,,,,,
366,ATG,M,0,"['L', 'V', 'L', 'T', 'R', 'I']",,,,,,,2,,,,,,,,,,,,,,,,
367,GAA,E,0,"['K', 'Q', '*', 'A', 'V', 'D', 'D']",,,,,2,,,,,,,,,,,,,,,,,,
368,TTC,F,0,"['I', 'L', 'V', 'Y', 'S', 'C', 'L', 'L']",,,,,,,,,,,,,,,,2,,,,,,,
369,TGT,C,0,"['S', 'R', 'G', 'Y', 'S', '*']",,,,,,2,,,,,,,,,,,,,,,,,
370,GAT,D,0,"['N', 'H', 'Y', 'A', 'V']",,,,2,,,,,,,,,,,,,,,,,,,
371,AAA,K,7,"['Q', 'E', '*', 'T', 'R', 'I', 'N', 'N']",,2,1,,1,,,1,1,,1,,1,,,,,,,,1,,
372,GGG,G,5,"['R', 'R', 'W', 'E', 'A', 'V']",,,1,,1,,,,,,,1,,,1,,1,,2,,,,
373,ACC,T,4,"['P', 'A', 'S', 'S', 'I']",,,,,,,,,,1,2,1,1,,,,,,,1,,,
374,TTG,L,6,"['M', 'V', '*', 'S', 'W', 'F']",,,,,,,1,,,1,,,,2,1,1,1,,,,1,,
375,GAA,E,6,"['K', 'Q', '*', 'A', 'V', 'D', 'D']",,1,,1,2,,,,1,,,1,,,1,,,,,,1,,
376,CAA,Q,6,"['K', 'E', '*', 'R', 'L', 'H']",1,1,1,,1,,,,2,,,,,1,,,,,,,1,3,
377,TGG,W,5,"['R', 'R', 'G', '*', 'S', '*', 'C']",,,1,,,1,,,,1,,,,,,,2,,1,,1,,4
378,ATT,I,6,"['L', 'V', 'F', 'T', 'S', 'M']",,,,,,,1,,,1,1,,2,1,1,1,,,,,,,
379,GAA,E,6,"['K', 'Q', '*', 'A', 'V', 'D', 'D']",,1,,1,2,,,,1,,,1,,,1,,,,,,1,,
380,AAA,K,7,"['Q', 'E', '*', 'T', 'R', 'I', 'N', 'N']",,2,1,,1,,,1,1,,1,,1,,,,,,,,1,3,
381,AGA,R,5,"['G', '*', 'T', 'I', 'S', 'S']",,,2,,,,,,,1,1,,1,,,,,,1,,1,,4
382,AGA,R,5,"['G', '*', 'T', 'I', 'S', 'S']",,,2,,,,,,,1,1,,1,,,,,,1,,1,,
383,GGC,G,6,"['S', 'R', 'C', 'D', 'A', 'V']",,,1,1,,1,,,,1,,1,,,1,,,,2,,,3,
384,GAG,E,6,"['K', 'Q', '*', 'A', 'V', 'D', 'D']",,1,,1,2,,,,1,,,1,,,1,,,,,,1,,
385,AAA,K,7,"['Q', 'E', '*', 'T', 'R', 'I', 'N', 'N']",,2,1,,1,,,1,1,,1,,1,,,,,,,,1,,
386,CTA,L,0,"['I', 'V', 'Q', 'R']",,,,,,,,,,,,,,2,,,,,,,,,
387,GAC,D,0,"['N', 'H', 'Y', 'A', 'V']",,,,2,,,,,,,,,,,,,,,,,,,
388,AAA,K,0,"['Q', 'E', '*', 'T', 'R', 'I', 'N', 'N']",,2,,,,,,,,,,,,,,,,,,,,,
389,GTT,V,0,"['I', 'L', 'F', 'D', 'A']",,,,,,,,,,,,,,,2,,,,,,,,
390,TTG,L,0,"['M', 'V', '*', 'S', 'W', 'F']",,,,,,,,,,,,,,2,,,,,,,,,
391,GCT,A,0,"['T', 'P', 'S', 'D', 'V']",,,,,,,,,,,,2,,,,,,,,,,,
392,TTG,L,0,"['M', 'V', '*', 'S', 'W', 'F']",,,,,,,,,,,,,,2,,,,,,,,,
393,GAA,E,0,"['K', 'Q', '*', 'A', 'V', 'D', 'D']",,,,,2,,,,,,,,,,,,,,,,,,
394,CTC,L,0,"['I', 'V', 'F', 'H', 'R']",,,,,,,,,,,,,,2,,,,,,,,,
395,TTT,F,0,"['I', 'L', 'V', 'Y', 'S', 'C', 'L', 'L']",,,,,,,,,,,,,,,,2,,,,,,,
396,GAA,E,0,"['K', 'Q', '*', 'A', 'V', 'D', 'D']",,,,,2,,,,,,,,,,,,,,,,,,
397,CAA,Q,0,"['K', 'E', '*', 'R', 'L', 'H']",,,,,,,,,2,,,,,,,,,,,,,,
398,ATA,I,0,"['L', 'V', 'L', 'T', 'R', 'M']",,,,,,,,,,,,,2,,,,,,,,,,
399,ACA,T,0,"['P', 'A', 'S', 'R', 'I']",,,,,,,,,,,2,,,,,,,,,,,,
400,AAA,K,0,"['Q', 'E', '*', 'T', 'R', 'I', 'N', 'N']",,2,,,,,,,,,,,,,,,,,,,,,
401,GGG,G,0,"['R', 'R', 'W', 'E', 'A', 'V']",,,,,,,,,,,,,,,,,,,2,,,,
402,GTG,V,0,"['M', 'L', 'L', 'E', 'A']",,,,,,,,,,,,,,,2,,,,,,,,
403,GAT,D,0,"['N', 'H', 'Y', 'A', 'V']",,,,2,,,,,,,,,,,,,,,,,,,
404,TAT,Y,0,"['N', 'H', 'D', 'S', 'C', '*']",,,,,,,,,,,,,,,,,,2,,,,,
405,ATA,I,0,"['L', 'V', 'L', 'T', 'R', 'M']",,,,,,,,,,,,,2,,,,,,,,,,
406,CAT,H,0,"['N', 'D', 'Y', 'R', 'L', 'Q']",2,,,,,,,,,,,,,,,,,,,,,,
407,TCA,S,0,"['T', 'P', 'A', '*', '*']",,,,,,,,,,2,,,,,,,,,,,,,
408,AAA,K,0,"['Q', 'E', '*', 'T', 'R', 'I', 'N', 'N']",,2,,,,,,,,,,,,,,,,,,,,,
409,AAA,K,0,"['Q', 'E', '*', 'T', 'R', 'I', 'N', 'N']",,2,,,,,,,,,,,,,,,,,,,,,
410,TTA,L,0,"['I', 'V', '*', 'S', '*', 'F']",,,,,,,,,,,,,,2,,,,,,,,,
411,ATT,I,0,"['L', 'V', 'F', 'T', 'S', 'M']",,,,,,,,,,,,,2,,,,,,,,,,
412,CAT,H,0,"['N', 'D', 'Y', 'R', 'L', 'Q']",2,,,,,,,,,,,,,,,,,,,,,,
413,AGA,R,0,"['G', '*', 'T', 'I', 'S', 'S']",,,2,,,,,,,,,,,,,,,,,,,,
414,GAT,D,0,"['N', 'H', 'Y', 'A', 'V']",,,,2,,,,,,,,,,,,,,,,,,,
415,CTT,L,0,"['I', 'V', 'F', 'H', 'R']",,,,,,,,,,,,,,2,,,,,,,,,
416,AAG,K,0,"['Q', 'E', '*', 'T', 'R', 'M', 'N', 'N']",,2,,,,,,,,,,,,,,,,,,,,,
417,CCA,P,0,"['T', 'A', 'S', 'Q', 'R', 'L']",,,,,,,,,,,,,,,,,,,,2,,3,
418,AGT,S,0,"['R', 'G', 'C', 'T', 'I']",,,,,,,,,,2,,,,,,,,,,,,,
419,AAT,N,0,"['H', 'D', 'Y', 'T', 'S', 'I', 'K']",,,,,,,,2,,,,,,,,,,,,,,,
420,ATA,I,0,"['L', 'V', 'L', 'T', 'R', 'M']",,,,,,,,,,,,,2,,,,,,,,,,
421,TTC,F,0,"['I', 'L', 'V', 'Y', 'S', 'C', 'L', 'L']",,,,,,,,,,,,,,,,2,,,,,,,
422,TTA,L,0,"['I', 'V', '*', 'S', '*', 'F']",,,,,,,,,,,,,,2,,,,,,,,,
423,GTA,V,0,"['I', 'L', 'L', 'E', 'A']",,,,,,,,,,,,,,,2,,,,,,,,
424,GAT,D,0,"['N', 'H', 'Y', 'A', 'V']",,,,2,,,,,,,,,,,,,,,,,,,
425,ACA,T,0,"['P', 'A', 'S', 'R', 'I']",,,,,,,,,,,2,,,,,,,,,,,,
426,AAA,K,0,"['Q', 'E', '*', 'T', 'R', 'I', 'N', 'N']",,2,,,,,,,,,,,,,,,,,,,,,
427,CAA,Q,0,"['K', 'E', '*', 'R', 'L', 'H']",,,,,,,,,2,,,,,,,,,,,,,,
428,GTA,V,0,"['I', 'L', 'L', 'E', 'A']",,,,,,,,,,,,,,,2,,,,,,,,
429,AAG,K,0,"['Q', 'E', '*', 'T', 'R', 'M', 'N', 'N']",,2,,,,,,,,,,,,,,,,,,,,,
430,ATT,I,0,"['L', 'V', 'F', 'T', 'S', 'M']",,,,,,,,,,,,,2,,,,,,,,,,
431,GGA,G,0,"['R', 'R', '*', 'E', 'A', 'V']",,,,,,,,,,,,,,,,,,,2,,,,
432,GAC,D,0,"['N', 'H', 'Y', 'A', 'V']",,,,2,,,,,,,,,,,,,,,,,,,
433,TTT,F,0,"['I', 'L', 'V', 'Y', 'S', 'C', 'L', 'L']",,,,,,,,,,,,,,,,2,,,,,,,
434,GGA,G,0,"['R', 'R', '*', 'E', 'A', 'V']",,,,,,,,,,,,,,,,,,,2,,,,
435,CTT,L,0,"['I', 'V', 'F', 'H', 'R']",,,,,,,,,,,,,,2,,,,,,,,,
436,GTA,V,0,"['I', 'L', 'L', 'E', 'A']",,,,,,,,,,,,,,,2,,,,,,,,
437,ACA,T,0,"['P', 'A', 'S', 'R', 'I']",,,,,,,,,,,2,,,,,,,,,,,,
438,TCT,S,0,"['T', 'P', 'A', 'Y', 'C']",,,,,,,,,,2,,,,,,,,,,,,,
439,CTG,L,0,"['M', 'V', 'Q', 'R']",,,,,,,,,,,,,,2,,,,,,,,,
440,AAA,K,0,"['Q', 'E', '*', 'T', 'R', 'I', 'N', 'N']",,2,,,,,,,,,,,,,,,,,,,,,
441,AAT,N,0,"['H', 'D', 'Y', 'T', 'S', 'I', 'K']",,,,,,,,2,,,,,,,,,,,,,,,
442,GAT,D,0,"['N', 'H', 'Y', 'A', 'V']",,,,2,,,,,,,,,,,,,,,,,,,
443,GGA,G,0,"['R', 'R', '*', 'E', 'A', 'V']",,,,,,,,,,,,,,,,,,,2,,,,
444,AAG,K,0,"['Q', 'E', '*', 'T', 'R', 'M', 'N', 'N']",,2,,,,,,,,,,,,,,,,,,,,,
445,CGA,R,0,"['G', '*', 'Q', 'L']",,,2,,,,,,,,,,,,,,,,,,,,
446,ACA,T,0,"['P', 'A', 'S', 'R', 'I']",,,,,,,,,,,2,,,,,,,,,,,,
447,AGG,R,0,"['G', 'W', 'T', 'M', 'S', 'S']",,,2,,,,,,,,,,,,,,,,,,,,
448,AGT,S,5,"['R', 'G', 'C', 'T', 'I']",,,1,,,1,,,,2,1,,1,,,,,,1,,,,
449,AAG,K,7,"['Q', 'E', '*', 'T', 'R', 'M', 'N', 'N']",,2,1,,1,,1,1,1,,1,,,,,,,,,,1,,
450,GGA,G,5,"['R', 'R', '*', 'E', 'A', 'V']",,,1,,1,,,,,,,1,,,1,,,,2,,1,,
451,ACT,T,4,"['P', 'A', 'S', 'S', 'I']",,,,,,,,,,1,2,1,1,,,,,,,1,,3,
452,TTG,L,6,"['M', 'V', '*', 'S', 'W', 'F']",,,,,,,1,,,1,,,,2,1,1,1,,,,1,3,
453,CGA,R,4,"['G', '*', 'Q', 'L']",,,2,,,,,,1,,,,,1,,,,,1,,1,,
454,TAC,Y,6,"['N', 'H', 'D', 'S', 'C', '*']",1,,,1,,1,,1,,1,,,,,,,,2,,,1,3,
455,ATG,M,5,"['L', 'V', 'L', 'T', 'R', 'I']",,,1,,,,2,,,,1,,1,1,1,,,,,,,3,
456,AGC,S,0,"['R', 'G', 'C', 'T', 'I']",,,,,,,,,,2,,,,,,,,,,,,,
457,CCA,P,0,"['T', 'A', 'S', 'Q', 'R', 'L']",,,,,,,,,,,,,,,,,,,,2,,,
458,GAA,E,0,"['K', 'Q', '*', 'A', 'V', 'D', 'D']",,,,,2,,,,,,,,,,,,,,,,,,
459,CAG,Q,0,"['K', 'E', '*', 'R', 'L', 'H']",,,,,,,,,2,,,,,,,,,,,,,,
460,ATT,I,0,"['L', 'V', 'F', 'T', 'S', 'M']",,,,,,,,,,,,,2,,,,,,,,,,
461,TCT,S,0,"['T', 'P', 'A', 'Y', 'C']",,,,,,,,,,2,,,,,,,,,,,,,
462,TCG,S,0,"['T', 'P', 'A', '*', 'W']",,,,,,,,,,2,,,,,,,,,,,,,4
463,CAA,Q,0,"['K', 'E', '*', 'R', 'L', 'H']",,,,,,,,,2,,,,,,,,,,,,,,
464,GAC,D,0,"['N', 'H', 'Y', 'A', 'V']",,,,2,,,,,,,,,,,,,,,,,,,
465,TAT,Y,0,"['N', 'H', 'D', 'S', 'C', '*']",,,,,,,,,,,,,,,,,,2,,,,,
466,GGA,G,0,"['R', 'R', '*', 'E', 'A', 'V']",,,,,,,,,,,,,,,,,,,2,,,,
467,AAG,K,0,"['Q', 'E', '*', 'T', 'R', 'M', 'N', 'N']",,2,,,,,,,,,,,,,,,,,,,,,
468,GAA,E,0,"['K', 'Q', '*', 'A', 'V', 'D', 'D']",,,,,2,,,,,,,,,,,,,,,,,,
469,GTG,V,0,"['M', 'L', 'L', 'E', 'A']",,,,,,,,,,,,,,,2,,,,,,,,
470,GAC,D,0,"['N', 'H', 'Y', 'A', 'V']",,,,2,,,,,,,,,,,,,,,,,,,
471,CTC,L,0,"['I', 'V', 'F', 'H', 'R']",,,,,,,,,,,,,,2,,,,,,,,,
472,TAC,Y,0,"['N', 'H', 'D', 'S', 'C', '*']",,,,,,,,,,,,,,,,,,2,,,,,
473,GCT,A,0,"['T', 'P', 'S', 'D', 'V']",,,,,,,,,,,,2,,,,,,,,,,,
474,TTG,L,0,"['M', 'V', '*', 'S', 'W', 'F']",,,,,,,,,,,,,,2,,,,,,,,,
475,GGG,G,0,"['R', 'R', 'W', 'E', 'A', 'V']",,,,,,,,,,,,,,,,,,,2,,,,
476,CTA,L,0,"['I', 'V', 'Q', 'R']",,,,,,,,,,,,,,2,,,,,,,,,
477,ATT,I,0,"['L', 'V', 'F', 'T', 'S', 'M']",,,,,,,,,,,,,2,,,,,,,,,,
478,CTT,L,0,"['I', 'V', 'F', 'H', 'R']",,,,,,,,,,,,,,2,,,,,,,,,
479,GCT,A,0,"['T', 'P', 'S', 'D', 'V']",,,,,,,,,,,,2,,,,,,,,,,,
480,GAA,E,6,"['K', 'Q', '*', 'A', 'V', 'D', 'D']",,1,,1,2,,,,1,,,1,,,1,,,,,,1,,
481,CTT,L,5,"['I', 'V', 'F', 'H', 'R']",1,,1,,,,,,,,,,1,2,1,1,,,,,,,
482,CTT,L,5,"['I', 'V', 'F', 'H', 'R']",1,,1,,,,,,,,,,1,2,1,1,,,,,,,
483,CAT,H,6,"['N', 'D', 'Y', 'R', 'L', 'Q']",2,,1,1,,,,1,1,,,,,1,,,,1,,,,,
484,GTA,V,4,"['I', 'L', 'L', 'E', 'A']",,,,,1,,,,,,,1,1,1,2,,,,,,,,
485,TGT,C,5,"['S', 'R', 'G', 'Y', 'S', '*']",,,1,,,2,,,,1,,,,,,,,1,1,,1,,
486,GAC,D,5,"['N', 'H', 'Y', 'A', 'V']",1,,,2,,,,1,,,,1,,,1,,,1,,,,3,
487,ACT,T,4,"['P', 'A', 'S', 'S', 'I']",,,,,,,,,,1,2,1,1,,,,,,,1,,3,
488,GCT,A,5,"['T', 'P', 'S', 'D', 'V']",,,,1,,,,,,1,1,2,,,1,,,,,1,,3,
489,TTT,F,6,"['I', 'L', 'V', 'Y', 'S', 'C', 'L', 'L']",,,,,,1,,,,1,,,1,1,1,2,,1,,,,3,
490,GAA,E,6,"['K', 'Q', '*', 'A', 'V', 'D', 'D']",,1,,1,2,,,,1,,,1,,,1,,,,,,1,3,4
491,ACA,T,5,"['P', 'A', 'S', 'R', 'I']",,,1,,,,,,,1,2,1,1,,,,,,,1,,3,
492,TCA,S,4,"['T', 'P', 'A', '*', '*']",,,,,,,,,,2,1,1,,,,,,,,1,1,3,
493,AAG,K,7,"['Q', 'E', '*', 'T', 'R', 'M', 'N', 'N']",,2,1,,1,,1,1,1,,1,,,,,,,,,,1,3,4
494,TTT,F,6,"['I', 'L', 'V', 'Y', 'S', 'C', 'L', 'L']",,,,,,1,,,,1,,,1,1,1,2,,1,,,,3,
495,TTC,F,6,"['I', 'L', 'V', 'Y', 'S', 'C', 'L', 'L']",,,,,,1,,,,1,,,1,1,1,2,,1,,,,,
496,ACA,T,5,"['P', 'A', 'S', 'R', 'I']",,,1,,,,,,,1,2,1,1,,,,,,,1,,,
497,GAC,D,5,"['N', 'H', 'Y', 'A', 'V']",1,,,2,,,,1,,,,1,,,1,,,1,,,,3,4
498,CTA,L,4,"['I', 'V', 'Q', 'R']",,,1,,,,,,1,,,,1,2,1,,,,,,,,
499,CGG,R,4,"['G', 'W', 'Q', 'L']",,,2,,,,,,1,,,,,1,,,1,,1,,,,
500,GAT,D,5,"['N', 'H', 'Y', 'A', 'V']",1,,,2,,,,1,,,,1,,,1,,,1,,,,3,
501,GGC,G,6,"['S', 'R', 'C', 'D', 'A', 'V']",,,1,1,,1,,,,1,,1,,,1,,,,2,,,,
502,ATC,I,6,"['L', 'V', 'F', 'T', 'S', 'M']",,,,,,,1,,,1,1,,2,1,1,1,,,,,,,
503,ATC,I,6,"['L', 'V', 'F', 'T', 'S', 'M']",,,,,,,1,,,1,1,,2,1,1,1,,,,,,,4
504,TCA,S,4,"['T', 'P', 'A', '*', '*']",,,,,,,,,,2,1,1,,,,,,,,1,1,,
505,GAT,D,5,"['N', 'H', 'Y', 'A', 'V']",1,,,2,,,,1,,,,1,,,1,,,1,,,,,
506,ATA,I,5,"['L', 'V', 'L', 'T', 'R', 'M']",,,1,,,,1,,,,1,,2,1,1,,,,,,,,
507,TTT,F,0,"['I', 'L', 'V', 'Y', 'S', 'C', 'L', 'L']",,,,,,,,,,,,,,,,2,,,,,,,4
508,GAT,D,0,"['N', 'H', 'Y', 'A', 'V']",,,,2,,,,,,,,,,,,,,,,,,,
509,AAA,K,0,"['Q', 'E', '*', 'T', 'R', 'I', 'N', 'N']",,2,,,,,,,,,,,,,,,,,,,,,
510,AAA,K,0,"['Q', 'E', '*', 'T', 'R', 'I', 'N', 'N']",,2,,,,,,,,,,,,,,,,,,,,,
511,GAA,E,0,"['K', 'Q', '*', 'A', 'V', 'D', 'D']",,,,,2,,,,,,,,,,,,,,,,,,
512,AAA,K,0,"['Q', 'E', '*', 'T', 'R', 'I', 'N', 'N']",,2,,,,,,,,,,,,,,,,,,,,,
513,ACT,T,0,"['P', 'A', 'S', 'S', 'I']",,,,,,,,,,,2,,,,,,,,,,,,
514,CTT,L,0,"['I', 'V', 'F', 'H', 'R']",,,,,,,,,,,,,,2,,,,,,,,,
515,CTA,L,0,"['I', 'V', 'Q', 'R']",,,,,,,,,,,,,,2,,,,,,,,,
516,CAG,Q,0,"['K', 'E', '*', 'R', 'L', 'H']",,,,,,,,,2,,,,,,,,,,,,,,
517,AAA,K,0,"['Q', 'E', '*', 'T', 'R', 'I', 'N', 'N']",,2,,,,,,,,,,,,,,,,,,,,,4
518,TTA,L,0,"['I', 'V', '*', 'S', '*', 'F']",,,,,,,,,,,,,,2,,,,,,,,,
519,CTC,L,0,"['I', 'V', 'F', 'H', 'R']",,,,,,,,,,,,,,2,,,,,,,,,
520,TCA,S,0,"['T', 'P', 'A', '*', '*']",,,,,,,,,,2,,,,,,,,,,,,,
521,AAG,K,0,"['Q', 'E', '*', 'T', 'R', 'M', 'N', 'N']",,2,,,,,,,,,,,,,,,,,,,,,
522,AAA,K,0,"['Q', 'E', '*', 'T', 'R', 'I', 'N', 'N']",,2,,,,,,,,,,,,,,,,,,,,,
523,CCT,P,0,"['T', 'A', 'S', 'H', 'R', 'L']",,,,,,,,,,,,,,,,,,,,2,,,
524,GAG,E,0,"['K', 'Q', '*', 'A', 'V', 'D', 'D']",,,,,2,,,,,,,,,,,,,,,,,,
525,GAT,D,0,"['N', 'H', 'Y', 'A', 'V']",,,,2,,,,,,,,,,,,,,,,,,,
526,CGA,R,0,"['G', '*', 'Q', 'L']",,,2,,,,,,,,,,,,,,,,,,,,
527,CCT,P,0,"['T', 'A', 'S', 'H', 'R', 'L']",,,,,,,,,,,,,,,,,,,,2,,,
528,AAC,N,0,"['H', 'D', 'Y', 'T', 'S', 'I', 'K']",,,,,,,,2,,,,,,,,,,,,,,,
529,ACA,T,0,"['P', 'A', 'S', 'R', 'I']",,,,,,,,,,,2,,,,,,,,,,,,
530,TCT,S,0,"['T', 'P', 'A', 'Y', 'C']",,,,,,,,,,2,,,,,,,,,,,,,
531,GAA,E,0,"['K', 'Q', '*', 'A', 'V', 'D', 'D']",,,,,2,,,,,,,,,,,,,,,,,,
532,ATA,I,0,"['L', 'V', 'L', 'T', 'R', 'M']",,,,,,,,,,,,,2,,,,,,,,,,
533,CTA,L,0,"['I', 'V', 'Q', 'R']",,,,,,,,,,,,,,2,,,,,,,,,
534,AGG,R,0,"['G', 'W', 'T', 'M', 'S', 'S']",,,2,,,,,,,,,,,,,,,,,,,,
535,ACC,T,0,"['P', 'A', 'S', 'S', 'I']",,,,,,,,,,,2,,,,,,,,,,,,
536,TTG,L,0,"['M', 'V', '*', 'S', 'W', 'F']",,,,,,,,,,,,,,2,,,,,,,,,
537,ACT,T,0,"['P', 'A', 'S', 'S', 'I']",,,,,,,,,,,2,,,,,,,,,,,,
538,GTG,V,0,"['M', 'L', 'L', 'E', 'A']",,,,,,,,,,,,,,,2,,,,,,,,
539,TGG,W,0,"['R', 'R', 'G', '*', 'S', '*', 'C']",,,,,,,,,,,,,,,,,2,,,,,,4
540,AAG,K,0,"['Q', 'E', '*', 'T', 'R', 'M', 'N', 'N']",,2,,,,,,,,,,,,,,,,,,,,,
541,AAA,K,0,"['Q', 'E', '*', 'T', 'R', 'I', 'N', 'N']",,2,,,,,,,,,,,,,,,,,,,,,
542,AGC,S,0,"['R', 'G', 'C', 'T', 'I']",,,,,,,,,,2,,,,,,,,,,,,,
543,CCA,P,0,"['T', 'A', 'S', 'Q', 'R', 'L']",,,,,,,,,,,,,,,,,,,,2,,,
544,GAG,E,0,"['K', 'Q', '*', 'A', 'V', 'D', 'D']",,,,,2,,,,,,,,,,,,,,,,,,
545,AAA,K,0,"['Q', 'E', '*', 'T', 'R', 'I', 'N', 'N']",,2,,,,,,,,,,,,,,,,,,,,,
546,AAT,N,0,"['H', 'D', 'Y', 'T', 'S', 'I', 'K']",,,,,,,,2,,,,,,,,,,,,,,,
547,GAA,E,0,"['K', 'Q', '*', 'A', 'V', 'D', 'D']",,,,,2,,,,,,,,,,,,,,,,,,
548,CGA,R,0,"['G', '*', 'Q', 'L']",,,2,,,,,,,,,,,,,,,,,,,,
549,CAC,H,0,"['N', 'D', 'Y', 'R', 'L', 'Q']",2,,,,,,,,,,,,,,,,,,,,,,
550,ACA,T,0,"['P', 'A', 'S', 'R', 'I']",,,,,,,,,,,2,,,,,,,,,,,,
551,TGT,C,0,"['S', 'R', 'G', 'Y', 'S', '*']",,,,,,2,,,,,,,,,,,,,,,,,
552,TAG,*,0,"['K', 'Q', 'E', 'S', 'W', 'Y']",,,,,,,,,,,,,,,,,,,,,2,,